<?xml version="1.0" encoding="utf-8"?>
<ModelInformation Version="1.0">
  <Model>
    <P Name="ModelUUID">c3e4c766-fd6a-425e-b5dc-8c1bb8c234e2</P>
    <P Name="SLXCompressionType">None</P>
    <P Name="LastSavedArchitecture">glnxa64</P>
    <ConfigManagerSettings>
      <P Name="ModifiedByFormat">%&lt;Auto&gt;</P>
      <P Name="ModifiedDateFormat">%&lt;Auto&gt;</P>
      <P Name="ModelVersionFormat">%&lt;AutoIncrement:1.1&gt;</P>
    </ConfigManagerSettings>
    <SimulationSettings>
      <P Name="SimulationMode">normal</P>
      <Object PropName="DataLoggingOverride" ObjectID="1" ClassName="Simulink.SimulationData.ModelLoggingInfo">
        <P Name="model_" Class="char">$bdroot</P>
        <P Name="overrideMode_" Class="uint32">0U</P>
        <Array PropName="logAsSpecifiedByModels_" Type="Cell" Dimension="1*1">
          <Cell Class="char">$bdroot</Cell>
        </Array>
        <Array PropName="logAsSpecifiedByModelsSSIDs_" Type="Cell" Dimension="1*1">
          <Cell Class="double">[]</Cell>
        </Array>
      </Object>
      <Object PropName="InstrumentedSignals" ObjectID="2" ClassName="Simulink.HMI.InstrumentedSignals">
        <Array PropName="Persistence" Type="Struct" Dimension="3*1">
          <MATStruct>
            <Field Name="UUID" Class="char">ccafc71f-9380-4a4f-b504-85747d52c702</Field>
            <Field Name="BlockPath_" Class="char">Add3</Field>
            <Field Name="SID_" Class="char">51</Field>
            <Field Name="SubPath_" Class="char"/>
            <Field Name="OutputPortIndex_" Class="double">1.0</Field>
            <Field Name="LogicalPortIndex_" Class="double">0.0</Field>
            <Field Name="SignalName_" Class="char"/>
            <Field Name="SubSysPath_" Class="char"/>
            <Field Name="Decimation_" Class="double">1.0</Field>
            <Field Name="MaxPoints_" Class="double">1024.0</Field>
            <Field Name="TargetBufferedStreaming_" Class="double">0.0</Field>
            <Field Name="IsFrameBased_" Class="double">0.0</Field>
            <Field Name="HideInSDI_" Class="double">0.0</Field>
            <Field Name="DomainType_" Class="char"/>
            <Array PropName="DomainParams_" Type="Struct" Dimension="1*1">
              <MATStruct/>
            </Array>
            <Field Name="VisualType_" Class="char"/>
          </MATStruct>
          <MATStruct>
            <Field Name="UUID" Class="char">056b2412-7c73-43d9-afbc-cb865c40ff65</Field>
            <Field Name="BlockPath_" Class="char">Gain7</Field>
            <Field Name="SID_" Class="char">52</Field>
            <Field Name="SubPath_" Class="char"/>
            <Field Name="OutputPortIndex_" Class="double">1.0</Field>
            <Field Name="LogicalPortIndex_" Class="double">0.0</Field>
            <Field Name="SignalName_" Class="char"/>
            <Field Name="SubSysPath_" Class="char"/>
            <Field Name="Decimation_" Class="double">1.0</Field>
            <Field Name="MaxPoints_" Class="double">1024.0</Field>
            <Field Name="TargetBufferedStreaming_" Class="double">0.0</Field>
            <Field Name="IsFrameBased_" Class="double">0.0</Field>
            <Field Name="HideInSDI_" Class="double">0.0</Field>
            <Field Name="DomainType_" Class="char"/>
            <Array PropName="DomainParams_" Type="Struct" Dimension="1*1">
              <MATStruct/>
            </Array>
            <Field Name="VisualType_" Class="char"/>
          </MATStruct>
          <MATStruct>
            <Field Name="UUID" Class="char">e5b60eb7-eeb2-4673-bbfe-4ca9d1c73e7d</Field>
            <Field Name="BlockPath_" Class="char">Gain8</Field>
            <Field Name="SID_" Class="char">53</Field>
            <Field Name="SubPath_" Class="char"/>
            <Field Name="OutputPortIndex_" Class="double">1.0</Field>
            <Field Name="LogicalPortIndex_" Class="double">0.0</Field>
            <Field Name="SignalName_" Class="char"/>
            <Field Name="SubSysPath_" Class="char"/>
            <Field Name="Decimation_" Class="double">1.0</Field>
            <Field Name="MaxPoints_" Class="double">1024.0</Field>
            <Field Name="TargetBufferedStreaming_" Class="double">0.0</Field>
            <Field Name="IsFrameBased_" Class="double">0.0</Field>
            <Field Name="HideInSDI_" Class="double">0.0</Field>
            <Field Name="DomainType_" Class="char"/>
            <Array PropName="DomainParams_" Type="Struct" Dimension="1*1">
              <MATStruct/>
            </Array>
            <Field Name="VisualType_" Class="char"/>
          </MATStruct>
        </Array>
      </Object>
    </SimulationSettings>
    <EngineSettings>
      <P Name="ConfigurableSubsystemUsage">warning</P>
    </EngineSettings>
    <ConcurrentExecutionSettings>
      <Object PropName="DataTransfer" ObjectID="3" ClassName="Simulink.GlobalDataTransfer">
        <P Name="DefaultTransitionBetweenSyncTasks" Class="char">Ensure deterministic transfer (maximum delay)</P>
        <P Name="DefaultTransitionBetweenAsyncTasks" Class="char">Ensure data integrity only</P>
        <P Name="DefaultTransitionBetweenContTasks" Class="char">Ensure deterministic transfer (minimum delay)</P>
        <P Name="DefaultExtrapolationMethodBetweenContTasks" Class="char">None</P>
      </Object>
    </ConcurrentExecutionSettings>
    <System Ref="system_root"/>
  </Model>
</ModelInformation>
