{
    "GraphicalInterface":{
        "ExternalFileReferences":[
            {
                "Path":"$bdroot\/Cosine",
                "Reference":"simulink\/Lookup\nTables\/Cosine",
                "SID":"40",
                "Type":"LIBRARY_BLOCK"
            },
            {
                "Path":"$bdroot\/PID Controller",
                "Reference":"slpidlib\/PID Controller",
                "SID":"119",
                "Type":"LIBRARY_BLOCK"
            },
            {
                "Path":"$bdroot\/PID Controller1",
                "Reference":"slpidlib\/PID Controller",
                "SID":"124",
                "Type":"LIBRARY_BLOCK"
            },
            {
                "Path":"$bdroot\/PID Controller2",
                "Reference":"slpidlib\/PID Controller",
                "SID":"125",
                "Type":"LIBRARY_BLOCK"
            },
            {
                "Path":"$bdroot\/Sine",
                "Reference":"simulink\/Lookup\nTables\/Sine",
                "SID":"41",
                "Type":"LIBRARY_BLOCK"
            }
        ],
        "PreCompExecutionDomainType":"Unset",
        "SimulinkSubDomainType":"Simulink",
        "SolverName":"VariableStepAuto",
        "TestPointedSignals":[
            {
                "Decimation":2,
                "FullBlockPath":"$bdroot\/Add3",
                "LogSignal":true,
                "MaxPoints":5000,
                "SignalName":""
            },
            {
                "Decimation":2,
                "FullBlockPath":"$bdroot\/Gain7",
                "LogSignal":true,
                "MaxPoints":5000,
                "SignalName":""
            },
            {
                "Decimation":2,
                "FullBlockPath":"$bdroot\/Gain8",
                "LogSignal":true,
                "MaxPoints":5000,
                "SignalName":""
            }
        ]
    }
}