<?xml version="1.0" encoding="UTF-8"?>
<sltp_graph version="1.1" packageUris="http://schema.mathworks.com/mf0/sltp_mm/R2025a_202406271200">
  <sltp.mm.core.Context type="sltp.mm.core.Context" uuid="163fce22-7283-45ed-b598-001a707b1391">
    <priorityDirection>HighNumberLast</priorityDirection>
    <defaultBarrierBehavior type="sltp.mm.core.BarrierBehavior" uuid="c93888c4-c384-4737-9afd-76ed98cd4d3d"/>
    <defaultEventBehavior type="sltp.mm.core.EventBehavior" uuid="b5ced260-5c5d-473e-b8f8-e8873856ca2f"/>
    <editorState type="sltp.mm.core.EditorState" uuid="c9a845e0-4120-4bcd-a1e1-c17aeede0338">
      <isSynchronized>true</isSynchronized>
      <panelState type="sltp.mm.core.EditorPanelState" uuid="bb706aea-66ef-46d7-a2f9-dd52e0b62a20"/>
    </editorState>
    <rootTask type="sltp.mm.core.Task" uuid="4518556a-bae5-4bba-9f08-8dbdfe3d610d">
      <context type="sltp.mm.core.Context" uuid="163fce22-7283-45ed-b598-001a707b1391"/>
      <explicit>false</explicit>
      <name>Default</name>
      <priority>-2147483648</priority>
      <subgraph type="sltp.mm.core.Graph" uuid="62ca0700-a800-455e-9c0a-62c66cb684c4">
        <tasks type="sltp.mm.core.Task" uuid="787168e4-281d-4582-924c-d8824593fbdd">
          <baseTask>true</baseTask>
          <context type="sltp.mm.core.Context" uuid="163fce22-7283-45ed-b598-001a707b1391"/>
          <explicit>false</explicit>
          <id>1</id>
          <isTimed>true</isTimed>
          <name>Cont</name>
          <priority>40</priority>
          <rates type="sltp.mm.core.Rate" uuid="e228aa0b-3312-4568-9abd-a7c853480c69">
            <annotation>Cont</annotation>
            <color>255</color>
            <hasBlocks>true</hasBlocks>
            <identifier>Continuous00</identifier>
            <rateIndex>0</rateIndex>
            <rateSpec type="sltp.mm.core.RateSpec">
              <period>0.0</period>
            </rateSpec>
            <sti>0</sti>
          </rates>
          <rates type="sltp.mm.core.Rate" uuid="dbb4cc11-3860-4731-910c-8d1cf89cdac3">
            <annotation>FiM</annotation>
            <color>2105376255</color>
            <rateIndex>1</rateIndex>
            <rateSpec type="sltp.mm.core.RateSpec">
              <offset>1.0</offset>
              <period>0.0</period>
            </rateSpec>
            <sti>1</sti>
          </rates>
        </tasks>
      </subgraph>
    </rootTask>
  </sltp.mm.core.Context>
</sltp_graph>