<?xml version="1.0" encoding="UTF-8"?>
<sltp_editor version="1.1" packageUris="http://schema.mathworks.com/mf0/DiagramEditor/R2019a_20181107 http://schema.mathworks.com/mf0/SltpSyntax/R2025a_202406271400">
  <diagram.editor.model.Diagram type="diagram.editor.model.Diagram" uuid="3a2ef469-56f0-4248-830f-cac48dc50a71">
    <entities type="diagram.editor.model.Entity" uuid="fe0fb727-4f1b-4171-aa43-ed0c71ddd0f5">
      <position>0,0</position>
      <size>0,0,0,0</size>
      <syntaxElement type="sltp.mm.syntax.Node" uuid="ac0bfb94-203d-484e-bcdd-99ffe93d525b"/>
      <title>Cont</title>
      <type>base</type>
      <subDiagram type="diagram.editor.model.Diagram" uuid="e725520e-cac8-4297-92ea-201175c7c2a9">
        <position>0,0</position>
        <syntaxElement type="sltp.mm.syntax.Graph" uuid="a805b172-6714-4069-837a-6eb47e55cf9b"/>
        <title>Cont</title>
        <type>graph.Graph</type>
      </subDiagram>
    </entities>
    <syntaxElement type="sltp.mm.syntax.Graph" uuid="558f59c1-e2af-4138-9bd0-c19cb7379090"/>
    <title>Default</title>
    <type>graph.Graph</type>
  </diagram.editor.model.Diagram>
  <sltp.mm.syntax.Context type="sltp.mm.syntax.Context" uuid="bf4f09bf-468e-461d-848d-221dd0a21969">
    <rootGraph type="sltp.mm.syntax.Graph" uuid="558f59c1-e2af-4138-9bd0-c19cb7379090">
      <children type="sltp.mm.syntax.Node" uuid="ac0bfb94-203d-484e-bcdd-99ffe93d525b">
        <priority>40</priority>
        <rates type="sltp.mm.syntax.RateData">
          <color>#000000</color>
          <hasBlocks>true</hasBlocks>
          <rate>0</rate>
          <title>Cont</title>
        </rates>
        <rates type="sltp.mm.syntax.RateData">
          <color>#7d7d7d</color>
          <rate>[0, 1]</rate>
          <title>FiM</title>
        </rates>
        <title>Cont</title>
        <type>base</type>
        <diagramElement type="diagram.editor.model.Entity" uuid="fe0fb727-4f1b-4171-aa43-ed0c71ddd0f5"/>
        <subgraph type="sltp.mm.syntax.Graph" uuid="a805b172-6714-4069-837a-6eb47e55cf9b">
          <title>Cont</title>
          <diagramElement type="diagram.editor.model.Diagram" uuid="e725520e-cac8-4297-92ea-201175c7c2a9"/>
        </subgraph>
      </children>
      <title>Default</title>
      <diagramElement type="diagram.editor.model.Diagram" uuid="3a2ef469-56f0-4248-830f-cac48dc50a71"/>
    </rootGraph>
  </sltp.mm.syntax.Context>
</sltp_editor>