<?xml version="1.0" encoding="utf-8"?>
<System>
  <P Name="Location">[0, 29, 1920, 1022]</P>
  <P Name="Open">on</P>
  <P Name="ZoomFactor">60</P>
  <P Name="ReportName">simulink-default.rpt</P>
  <P Name="SIDHighWatermark">136</P>
  <Block BlockType="Lookup_n-D" Name="1-D Lookup&#xA;Table" SID="20">
    <PortCounts in="1" out="1"/>
    <P Name="Position">[265, 1053, 330, 1117]</P>
    <P Name="ZOrder">24595</P>
    <P Name="InputPortMap">u0</P>
    <P Name="NumberOfTableDimensions">1</P>
    <P Name="BreakpointsForDimension1">[-5:5]</P>
    <P Name="Table">[-5:5]</P>
    <P Name="InternalRulePriority">Speed</P>
    <P Name="RndMeth">Simplest</P>
  </Block>
  <Block BlockType="Lookup_n-D" Name="1-D Lookup&#xA;Table1" SID="21">
    <PortCounts in="1" out="1"/>
    <P Name="Position">[265, 1173, 330, 1237]</P>
    <P Name="ZOrder">24596</P>
    <P Name="InputPortMap">u0</P>
    <P Name="NumberOfTableDimensions">1</P>
    <P Name="BreakpointsForDimension1">[-5:5]</P>
    <P Name="Table">[-5:5]</P>
    <P Name="InternalRulePriority">Speed</P>
    <P Name="RndMeth">Simplest</P>
  </Block>
  <Block BlockType="EOM6DOFBodyEuler" Name="6DOF (Euler Angles)" SID="136">
    <PortCounts in="2" out="6"/>
    <P Name="Position">[950, 889, 1150, 1106]</P>
    <P Name="ZOrder">24665</P>
    <P Name="mass_0">5</P>
  </Block>
  <Block BlockType="Sum" Name="Add" SID="30">
    <PortCounts in="2" out="1"/>
    <P Name="Position">[420, 536, 450, 569]</P>
    <P Name="ZOrder">24605</P>
    <P Name="IconShape">rectangular</P>
  </Block>
  <Block BlockType="Sum" Name="Add1" SID="35">
    <PortCounts in="2" out="1"/>
    <P Name="Position">[405, 736, 435, 769]</P>
    <P Name="ZOrder">24609</P>
    <P Name="IconShape">rectangular</P>
  </Block>
  <Block BlockType="Sum" Name="Add2" SID="46">
    <PortCounts in="2" out="1"/>
    <P Name="Position">[520, 1262, 550, 1293]</P>
    <P Name="ZOrder">24620</P>
    <P Name="IconShape">rectangular</P>
    <P Name="Inputs">+-</P>
  </Block>
  <Block BlockType="Sum" Name="Add3" SID="51">
    <PortCounts in="2" out="1"/>
    <P Name="Position">[385, 891, 415, 924]</P>
    <P Name="ZOrder">24627</P>
    <P Name="IconShape">rectangular</P>
    <P Name="Inputs">+-</P>
  </Block>
  <Block BlockType="Sum" Name="Add4" SID="90">
    <PortCounts in="2" out="1"/>
    <P Name="Position">[-390, 1242, -360, 1273]</P>
    <P Name="ZOrder">24638</P>
    <P Name="ForegroundColor">red</P>
    <P Name="IconShape">rectangular</P>
    <PortProperties>
      <Port Type="out" Index="1">
        <P Name="Name">front</P>
      </Port>
    </PortProperties>
  </Block>
  <Block BlockType="Sum" Name="Add5" SID="91">
    <PortCounts in="2" out="1"/>
    <P Name="Position">[-390, 1182, -360, 1213]</P>
    <P Name="ZOrder">24639</P>
    <P Name="ForegroundColor">red</P>
    <P Name="IconShape">rectangular</P>
    <P Name="Inputs">+-</P>
    <PortProperties>
      <Port Type="out" Index="1">
        <P Name="Name">rear mean</P>
      </Port>
    </PortProperties>
  </Block>
  <Block BlockType="Sum" Name="Add6" SID="121">
    <PortCounts in="2" out="1"/>
    <P Name="Position">[975, 1572, 1005, 1603]</P>
    <P Name="ZOrder">24650</P>
    <P Name="BlockMirror">on</P>
    <P Name="IconShape">rectangular</P>
    <P Name="Inputs">+-</P>
  </Block>
  <Block BlockType="Sum" Name="Add7" SID="122">
    <PortCounts in="2" out="1"/>
    <P Name="Position">[-615, 1172, -585, 1203]</P>
    <P Name="ZOrder">24651</P>
    <P Name="IconShape">rectangular</P>
    <P Name="Inputs">+-</P>
  </Block>
  <Block BlockType="Sum" Name="Add8" SID="126">
    <PortCounts in="2" out="1"/>
    <P Name="Position">[975, 1442, 1005, 1473]</P>
    <P Name="ZOrder">24656</P>
    <P Name="BlockMirror">on</P>
    <P Name="IconShape">rectangular</P>
    <P Name="Inputs">+-</P>
  </Block>
  <Block BlockType="Constant" Name="Constant" SID="45">
    <P Name="Position">[570, 370, 600, 400]</P>
    <P Name="ZOrder">24619</P>
  </Block>
  <Block BlockType="Constant" Name="Constant2" SID="120">
    <P Name="Position">[900, 1635, 930, 1665]</P>
    <P Name="ZOrder">24649</P>
  </Block>
  <Block BlockType="Constant" Name="Constant3" SID="123">
    <P Name="Position">[-730, 1125, -700, 1155]</P>
    <P Name="ZOrder">24652</P>
  </Block>
  <Block BlockType="Constant" Name="Constant4" SID="127">
    <P Name="Position">[900, 1510, 930, 1540]</P>
    <P Name="ZOrder">24655</P>
  </Block>
  <Block BlockType="Constant" Name="Constant5" SID="131">
    <P Name="Position">[145, 1070, 175, 1100]</P>
    <P Name="ZOrder">24660</P>
    <P Name="Value">0.5</P>
  </Block>
  <Block BlockType="Reference" Name="Cosine" SID="40">
    <PortCounts in="1" out="1"/>
    <P Name="Position">[1325, 877, 1390, 933]</P>
    <P Name="ZOrder">24614</P>
    <P Name="LibraryVersion">8.0</P>
    <P Name="SourceBlock">simulink/Lookup
Tables/Cosine</P>
    <P Name="SourceType">Sine and Cosine</P>
    <InstanceData>
      <P Name="RTWMemSecFuncInitTerm">Inherit from model</P>
      <P Name="RTWMemSecFuncExecute">Inherit from model</P>
      <P Name="RTWMemSecDataConstants">Inherit from model</P>
      <P Name="RTWMemSecDataInternal">Inherit from model</P>
      <P Name="RTWMemSecDataParameters">Inherit from model</P>
      <P Name="ContentPreviewEnabled">on</P>
      <P Name="Formula">cos(2*pi*u)</P>
      <P Name="NumDataPoints">(2^5)+1</P>
      <P Name="OutputWordLength">16</P>
      <P Name="InternalRulePriority">Speed</P>
    </InstanceData>
  </Block>
  <Block BlockType="Demux" Name="Demux" SID="39">
    <PortCounts in="1" out="3"/>
    <P Name="Position">[1280, 966, 1285, 1004]</P>
    <P Name="ZOrder">24613</P>
    <P Name="Outputs">3</P>
  </Block>
  <Block BlockType="Demux" Name="Demux1" SID="50">
    <PortCounts in="1" out="3"/>
    <P Name="Position">[1210, 906, 1215, 944]</P>
    <P Name="ZOrder">24624</P>
    <P Name="Outputs">3</P>
  </Block>
  <Block BlockType="Demux" Name="Demux2" SID="56">
    <PortCounts in="1" out="3"/>
    <P Name="Position">[1225, 1016, 1230, 1054]</P>
    <P Name="ZOrder">24630</P>
    <P Name="Outputs">3</P>
  </Block>
  <Block BlockType="Gain" Name="Gain" SID="14">
    <P Name="Position">[275, 530, 305, 560]</P>
    <P Name="ZOrder">24589</P>
  </Block>
  <Block BlockType="Gain" Name="Gain1" SID="15">
    <P Name="Position">[300, 630, 330, 660]</P>
    <P Name="ZOrder">24590</P>
    <P Name="Gain">2</P>
  </Block>
  <Block BlockType="Gain" Name="Gain10" SID="134">
    <P Name="Position">[85, 530, 115, 560]</P>
    <P Name="ZOrder">24663</P>
    <P Name="Gain">0.05</P>
  </Block>
  <Block BlockType="Gain" Name="Gain11" SID="96">
    <P Name="Position">[30, 1005, 60, 1035]</P>
    <P Name="ZOrder">24644</P>
    <P Name="Gain">-1</P>
  </Block>
  <Block BlockType="Gain" Name="Gain12" SID="135">
    <P Name="Position">[85, 630, 115, 660]</P>
    <P Name="ZOrder">24664</P>
    <P Name="Gain">0.05</P>
  </Block>
  <Block BlockType="Gain" Name="Gain2" SID="47">
    <P Name="Position">[640, 1265, 670, 1295]</P>
    <P Name="ZOrder">24621</P>
  </Block>
  <Block BlockType="Gain" Name="Gain3" SID="22">
    <P Name="Position">[400, 1070, 430, 1100]</P>
    <P Name="ZOrder">24597</P>
  </Block>
  <Block BlockType="Gain" Name="Gain4" SID="23">
    <P Name="Position">[400, 1190, 430, 1220]</P>
    <P Name="ZOrder">24598</P>
  </Block>
  <Block BlockType="Gain" Name="Gain5" SID="32">
    <P Name="Position">[300, 730, 330, 760]</P>
    <P Name="ZOrder">24606</P>
    <P Name="Gain">2</P>
  </Block>
  <Block BlockType="Gain" Name="Gain6" SID="33">
    <P Name="Position">[290, 810, 320, 840]</P>
    <P Name="ZOrder">24607</P>
  </Block>
  <Block BlockType="Gain" Name="Gain7" SID="52">
    <P Name="Position">[280, 885, 310, 915]</P>
    <P Name="ZOrder">24625</P>
  </Block>
  <Block BlockType="Gain" Name="Gain8" SID="53">
    <P Name="Position">[270, 965, 300, 995]</P>
    <P Name="ZOrder">24626</P>
    <P Name="Gain">2</P>
  </Block>
  <Block BlockType="Gain" Name="Gain9" SID="89">
    <P Name="Position">[-475, 1280, -445, 1310]</P>
    <P Name="ZOrder">24637</P>
    <P Name="ForegroundColor">red</P>
    <P Name="Gain">-0.5</P>
  </Block>
  <Block BlockType="Mux" Name="Mux" SID="36">
    <PortCounts in="3" out="1"/>
    <P Name="Position">[830, 701, 835, 739]</P>
    <P Name="ZOrder">24610</P>
    <P Name="Inputs">3</P>
    <P Name="DisplayOption">bar</P>
  </Block>
  <Block BlockType="Mux" Name="Mux1" SID="48">
    <PortCounts in="3" out="1"/>
    <P Name="Position">[765, 1141, 770, 1179]</P>
    <P Name="ZOrder">24622</P>
    <P Name="Inputs">3</P>
    <P Name="DisplayOption">bar</P>
  </Block>
  <Block BlockType="Reference" Name="PID Controller" SID="119">
    <PortCounts in="1" out="1"/>
    <P Name="Position">[60, 1546, 175, 1634]</P>
    <P Name="ZOrder">24648</P>
    <P Name="BlockMirror">on</P>
    <P Name="LibrarySourceBlock">simulink/Continuous/PID Controller</P>
    <P Name="LibraryVersion">11.0</P>
    <P Name="SourceBlock">slpidlib/PID Controller</P>
    <P Name="SourceType">PID 1dof</P>
    <InstanceData>
      <P Name="RTWMemSecFuncInitTerm">Inherit from model</P>
      <P Name="RTWMemSecFuncExecute">Inherit from model</P>
      <P Name="RTWMemSecDataConstants">Inherit from model</P>
      <P Name="RTWMemSecDataInternal">Inherit from model</P>
      <P Name="RTWMemSecDataParameters">Inherit from model</P>
      <P Name="ContentPreviewEnabled">on</P>
      <P Name="Controller">PID</P>
      <P Name="Form">Parallel</P>
      <P Name="TimeDomain">Continuous-time</P>
      <P Name="UseExternalTs">off</P>
      <P Name="SampleTime">-1</P>
      <P Name="IntegratorMethod">Forward Euler</P>
      <P Name="FilterMethod">Forward Euler</P>
      <P Name="ControllerParametersSource">internal</P>
      <P Name="P">0.05</P>
      <P Name="I">0.05</P>
      <P Name="UseKiTs">off</P>
      <P Name="D">0.1</P>
      <P Name="UseExternalDerivativeSource">off</P>
      <P Name="N">100</P>
      <P Name="UseFilter">on</P>
      <P Name="TunerSelectOption">Transfer Function Based (PID Tuner App)</P>
      <P Name="ZeroCross">on</P>
      <P Name="InitialConditionSource">internal</P>
      <P Name="InitialConditionForIntegrator">0</P>
      <P Name="InitialConditionForFilter">0</P>
      <P Name="DifferentiatorICPrevScaledInput">0</P>
      <P Name="ExternalReset">none</P>
      <P Name="IgnoreLimit">off</P>
      <P Name="TrackingMode">off</P>
      <P Name="Kt">1</P>
      <P Name="LimitOutput">off</P>
      <P Name="SatLimitsSource">internal</P>
      <P Name="UpperSaturationLimit">inf</P>
      <P Name="LowerSaturationLimit">-inf</P>
      <P Name="LinearizeAsGain">on</P>
      <P Name="AntiWindupMode">none</P>
      <P Name="Kb">1</P>
      <P Name="LimitIntegrator">off</P>
      <P Name="UpperIntegratorSaturationLimit">inf</P>
      <P Name="LowerIntegratorSaturationLimit">-inf</P>
      <P Name="RndMeth">Floor</P>
      <P Name="SaturateOnIntegerOverflow">off</P>
      <P Name="LockScale">off</P>
      <P Name="PGainOutDataTypeStr">Inherit: Inherit via internal rule</P>
      <P Name="PProdOutDataTypeStr">Inherit: Inherit via internal rule</P>
      <P Name="POutMin">[]</P>
      <P Name="POutMax">[]</P>
      <P Name="IGainOutDataTypeStr">Inherit: Inherit via internal rule</P>
      <P Name="IProdOutDataTypeStr">Inherit: Inherit via internal rule</P>
      <P Name="IOutMin">[]</P>
      <P Name="IOutMax">[]</P>
      <P Name="DGainOutDataTypeStr">Inherit: Inherit via internal rule</P>
      <P Name="DProdOutDataTypeStr">Inherit: Inherit via internal rule</P>
      <P Name="DOutMin">[]</P>
      <P Name="DOutMax">[]</P>
      <P Name="NGainOutDataTypeStr">Inherit: Inherit via internal rule</P>
      <P Name="NProdOutDataTypeStr">Inherit: Inherit via internal rule</P>
      <P Name="NOutMin">[]</P>
      <P Name="NOutMax">[]</P>
      <P Name="SumOutDataTypeStr">Inherit: Inherit via internal rule</P>
      <P Name="SumOutMin">[]</P>
      <P Name="SumOutMax">[]</P>
      <P Name="SaturationOutDataTypeStr">Inherit: Same as input</P>
      <P Name="SaturationOutMin">[]</P>
      <P Name="SaturationOutMax">[]</P>
      <P Name="PParamDataTypeStr">Inherit: Inherit via internal rule</P>
      <P Name="PParamMin">[]</P>
      <P Name="PParamMax">[]</P>
      <P Name="IParamDataTypeStr">Inherit: Inherit via internal rule</P>
      <P Name="IParamMin">[]</P>
      <P Name="IParamMax">[]</P>
      <P Name="DParamDataTypeStr">Inherit: Inherit via internal rule</P>
      <P Name="DParamMin">[]</P>
      <P Name="DParamMax">[]</P>
      <P Name="NParamDataTypeStr">Inherit: Inherit via internal rule</P>
      <P Name="NParamMin">[]</P>
      <P Name="NParamMax">[]</P>
      <P Name="KbParamDataTypeStr">Inherit: Inherit via internal rule</P>
      <P Name="KbParamMin">[]</P>
      <P Name="KbParamMax">[]</P>
      <P Name="KtParamDataTypeStr">Inherit: Inherit via internal rule</P>
      <P Name="KtParamMin">[]</P>
      <P Name="KtParamMax">[]</P>
      <P Name="KbOutDataTypeStr">Inherit: Inherit via internal rule</P>
      <P Name="KbOutMin">[]</P>
      <P Name="KbOutMax">[]</P>
      <P Name="KtOutDataTypeStr">Inherit: Inherit via internal rule</P>
      <P Name="KtOutMin">[]</P>
      <P Name="KtOutMax">[]</P>
      <P Name="IntegratorOutDataTypeStr">Inherit: Inherit via internal rule</P>
      <P Name="IntegratorOutMin">[]</P>
      <P Name="IntegratorOutMax">[]</P>
      <P Name="FilterOutDataTypeStr">Inherit: Inherit via internal rule</P>
      <P Name="FilterOutMin">[]</P>
      <P Name="FilterOutMax">[]</P>
      <P Name="SumI1OutDataTypeStr">Inherit: Inherit via internal rule</P>
      <P Name="SumI1OutMin">[]</P>
      <P Name="SumI1OutMax">[]</P>
      <P Name="SumI2OutDataTypeStr">Inherit: Inherit via internal rule</P>
      <P Name="SumI2OutMin">[]</P>
      <P Name="SumI2OutMax">[]</P>
      <P Name="SumI3OutDataTypeStr">Inherit: Inherit via internal rule</P>
      <P Name="SumI3OutMin">[]</P>
      <P Name="SumI3OutMax">[]</P>
      <P Name="SumI4OutDataTypeStr">Inherit: Inherit via internal rule</P>
      <P Name="SumI4OutMin">[]</P>
      <P Name="SumI4OutMax">[]</P>
      <P Name="SumDOutDataTypeStr">Inherit: Inherit via internal rule</P>
      <P Name="SumDOutMin">[]</P>
      <P Name="SumDOutMax">[]</P>
      <P Name="SumAccumDataTypeStr">Inherit: Inherit via internal rule</P>
      <P Name="SumI1AccumDataTypeStr">Inherit: Inherit via internal rule</P>
      <P Name="SumI2AccumDataTypeStr">Inherit: Inherit via internal rule</P>
      <P Name="SumI3AccumDataTypeStr">Inherit: Inherit via internal rule</P>
      <P Name="SumI4AccumDataTypeStr">Inherit: Inherit via internal rule</P>
      <P Name="SumDAccumDataTypeStr">Inherit: Inherit via internal rule</P>
      <P Name="DifferentiatorOutDataTypeStr">Inherit: Inherit via internal rule</P>
      <P Name="DifferentiatorOutMin">[]</P>
      <P Name="DifferentiatorOutMax">[]</P>
      <P Name="FilterDiffNumProductOutputDataTypeStr">Inherit: Inherit via internal rule</P>
      <P Name="FilterDiffDenProductOutputDataTypeStr">Inherit: Inherit via internal rule</P>
      <P Name="FilterDiffNumAccumDataTypeStr">Inherit: Inherit via internal rule</P>
      <P Name="FilterDiffDenAccumDataTypeStr">Inherit: Inherit via internal rule</P>
      <P Name="FilterDiffOutCoefDataTypeStr">Inherit: Inherit via internal rule</P>
      <P Name="FilterDiffOutCoefMin">[]</P>
      <P Name="FilterDiffOutCoefMax">[]</P>
      <P Name="ReciprocalOutDataTypeStr">Inherit: Inherit via internal rule</P>
      <P Name="ReciprocalOutMin">[]</P>
      <P Name="ReciprocalOutMax">[]</P>
      <P Name="SumDenOutDataTypeStr">Inherit: Inherit via internal rule</P>
      <P Name="SumDenOutMin">[]</P>
      <P Name="SumDenOutMax">[]</P>
      <P Name="SumNumOutDataTypeStr">Inherit: Inherit via internal rule</P>
      <P Name="SumNumOutMin">[]</P>
      <P Name="SumNumOutMax">[]</P>
      <P Name="SumDenAccumDataTypeStr">Inherit: Inherit via internal rule</P>
      <P Name="SumNumAccumDataTypeStr">Inherit: Inherit via internal rule</P>
      <P Name="DivideOutDataTypeStr">Inherit: Inherit via internal rule</P>
      <P Name="DivideOutMin">[]</P>
      <P Name="DivideOutMax">[]</P>
      <P Name="UdiffTsProdOutDataTypeStr">Inherit: Inherit via internal rule</P>
      <P Name="UdiffTsProdOutMin">[]</P>
      <P Name="UdiffTsProdOutMax">[]</P>
      <P Name="NTsProdOutDataTypeStr">Inherit: Inherit via internal rule</P>
      <P Name="NTsProdOutMin">[]</P>
      <P Name="NTsProdOutMax">[]</P>
      <P Name="UintegralTsProdOutDataTypeStr">Inherit: Inherit via internal rule</P>
      <P Name="UintegralTsProdOutMin">[]</P>
      <P Name="UintegralTsProdOutMax">[]</P>
      <P Name="UngainTsProdOutDataTypeStr">Inherit: Inherit via internal rule</P>
      <P Name="UngainTsProdOutMin">[]</P>
      <P Name="UngainTsProdOutMax">[]</P>
      <P Name="ClampingZeroOutDataTypeStr">Inherit: Inherit via back propagation</P>
      <P Name="ClampingZeroOutMin">[]</P>
      <P Name="ClampingZeroOutMax">[]</P>
      <P Name="FilterDenConstantOutDataTypeStr">Inherit: Inherit via back propagation</P>
      <P Name="FilterDenConstantOutMin">[]</P>
      <P Name="FilterDenConstantOutMax">[]</P>
      <P Name="PCopyOutDataTypeStr">Inherit: Inherit via back propagation</P>
      <P Name="PCopyOutMin">[]</P>
      <P Name="PCopyOutMax">[]</P>
      <P Name="NCopyOutDataTypeStr">Inherit: Inherit via back propagation</P>
      <P Name="NCopyOutMin">[]</P>
      <P Name="NCopyOutMax">[]</P>
      <P Name="IntegratorContinuousStateAttributes">&apos;&apos;</P>
      <P Name="IntegratorStateMustResolveToSignalObject">off</P>
      <P Name="IntegratorRTWStateStorageClass">Auto</P>
      <P Name="FilterContinuousStateAttributes">&apos;&apos;</P>
      <P Name="FilterStateMustResolveToSignalObject">off</P>
      <P Name="FilterRTWStateStorageClass">Auto</P>
      <P Name="ParallelPVariant">InternalParameters</P>
      <P Name="IdealPVariant">Disabled</P>
      <P Name="IVariant">InternalParameters</P>
      <P Name="DVariant">InternalParameters</P>
      <P Name="IntegratorVariant">Continuous</P>
      <P Name="SatVariant">Disabled</P>
      <P Name="AWVariant">Passthrough</P>
      <P Name="PCopyVariant">Disabled</P>
      <P Name="TRVariant">Disabled</P>
      <P Name="FdbkBlocksVariant">Forward</P>
      <P Name="IdealPFdbkVariant">Disabled</P>
      <P Name="SatFdbkVariant">Disabled</P>
      <P Name="DerivativeFilterVariant">ContFilter</P>
      <P Name="NVariant">InternalParameters</P>
      <P Name="NCopyVariant">Disabled</P>
      <P Name="FilterICVariant">InternalICsFilter</P>
      <P Name="IntegratorICVariant">InternalICs</P>
      <P Name="ExternalResetVariant">Disabled</P>
      <P Name="TRSumVariant">Passthrough</P>
      <P Name="SumFdbkVariant">Disabled</P>
      <P Name="SumVariant">Sum_PID</P>
      <P Name="TsampFilterVariant">InternalTs</P>
      <P Name="TsampNgainVariant">Passthrough</P>
      <P Name="TsampIntegralVariant">Disabled_SignalSpec</P>
      <P Name="ExternalSaturationOutDataTypeStr">Inherit: Same as second input</P>
      <P Name="DerivativeSourceVariant">ErrorSignal</P>
      <P Name="InitialConditionSetting">Auto</P>
      <P Name="PreIntVariant">InternalPreInt</P>
    </InstanceData>
  </Block>
  <Block BlockType="Reference" Name="PID Controller1" SID="124">
    <PortCounts in="1" out="1"/>
    <P Name="Position">[60, 1416, 175, 1504]</P>
    <P Name="ZOrder">24653</P>
    <P Name="BlockMirror">on</P>
    <P Name="LibrarySourceBlock">simulink/Continuous/PID Controller</P>
    <P Name="LibraryVersion">11.0</P>
    <P Name="SourceBlock">slpidlib/PID Controller</P>
    <P Name="SourceType">PID 1dof</P>
    <InstanceData>
      <P Name="RTWMemSecFuncInitTerm">Inherit from model</P>
      <P Name="RTWMemSecFuncExecute">Inherit from model</P>
      <P Name="RTWMemSecDataConstants">Inherit from model</P>
      <P Name="RTWMemSecDataInternal">Inherit from model</P>
      <P Name="RTWMemSecDataParameters">Inherit from model</P>
      <P Name="ContentPreviewEnabled">on</P>
      <P Name="Controller">PID</P>
      <P Name="Form">Parallel</P>
      <P Name="TimeDomain">Continuous-time</P>
      <P Name="UseExternalTs">off</P>
      <P Name="SampleTime">-1</P>
      <P Name="IntegratorMethod">Forward Euler</P>
      <P Name="FilterMethod">Forward Euler</P>
      <P Name="ControllerParametersSource">internal</P>
      <P Name="P">0.05</P>
      <P Name="I">0.05</P>
      <P Name="UseKiTs">off</P>
      <P Name="D">1</P>
      <P Name="UseExternalDerivativeSource">off</P>
      <P Name="N">100</P>
      <P Name="UseFilter">on</P>
      <P Name="TunerSelectOption">Transfer Function Based (PID Tuner App)</P>
      <P Name="ZeroCross">on</P>
      <P Name="InitialConditionSource">internal</P>
      <P Name="InitialConditionForIntegrator">0</P>
      <P Name="InitialConditionForFilter">0</P>
      <P Name="DifferentiatorICPrevScaledInput">0</P>
      <P Name="ExternalReset">none</P>
      <P Name="IgnoreLimit">off</P>
      <P Name="TrackingMode">off</P>
      <P Name="Kt">1</P>
      <P Name="LimitOutput">off</P>
      <P Name="SatLimitsSource">internal</P>
      <P Name="UpperSaturationLimit">inf</P>
      <P Name="LowerSaturationLimit">-inf</P>
      <P Name="LinearizeAsGain">on</P>
      <P Name="AntiWindupMode">none</P>
      <P Name="Kb">1</P>
      <P Name="LimitIntegrator">off</P>
      <P Name="UpperIntegratorSaturationLimit">inf</P>
      <P Name="LowerIntegratorSaturationLimit">-inf</P>
      <P Name="RndMeth">Floor</P>
      <P Name="SaturateOnIntegerOverflow">off</P>
      <P Name="LockScale">off</P>
      <P Name="PGainOutDataTypeStr">Inherit: Inherit via internal rule</P>
      <P Name="PProdOutDataTypeStr">Inherit: Inherit via internal rule</P>
      <P Name="POutMin">[]</P>
      <P Name="POutMax">[]</P>
      <P Name="IGainOutDataTypeStr">Inherit: Inherit via internal rule</P>
      <P Name="IProdOutDataTypeStr">Inherit: Inherit via internal rule</P>
      <P Name="IOutMin">[]</P>
      <P Name="IOutMax">[]</P>
      <P Name="DGainOutDataTypeStr">Inherit: Inherit via internal rule</P>
      <P Name="DProdOutDataTypeStr">Inherit: Inherit via internal rule</P>
      <P Name="DOutMin">[]</P>
      <P Name="DOutMax">[]</P>
      <P Name="NGainOutDataTypeStr">Inherit: Inherit via internal rule</P>
      <P Name="NProdOutDataTypeStr">Inherit: Inherit via internal rule</P>
      <P Name="NOutMin">[]</P>
      <P Name="NOutMax">[]</P>
      <P Name="SumOutDataTypeStr">Inherit: Inherit via internal rule</P>
      <P Name="SumOutMin">[]</P>
      <P Name="SumOutMax">[]</P>
      <P Name="SaturationOutDataTypeStr">Inherit: Same as input</P>
      <P Name="SaturationOutMin">[]</P>
      <P Name="SaturationOutMax">[]</P>
      <P Name="PParamDataTypeStr">Inherit: Inherit via internal rule</P>
      <P Name="PParamMin">[]</P>
      <P Name="PParamMax">[]</P>
      <P Name="IParamDataTypeStr">Inherit: Inherit via internal rule</P>
      <P Name="IParamMin">[]</P>
      <P Name="IParamMax">[]</P>
      <P Name="DParamDataTypeStr">Inherit: Inherit via internal rule</P>
      <P Name="DParamMin">[]</P>
      <P Name="DParamMax">[]</P>
      <P Name="NParamDataTypeStr">Inherit: Inherit via internal rule</P>
      <P Name="NParamMin">[]</P>
      <P Name="NParamMax">[]</P>
      <P Name="KbParamDataTypeStr">Inherit: Inherit via internal rule</P>
      <P Name="KbParamMin">[]</P>
      <P Name="KbParamMax">[]</P>
      <P Name="KtParamDataTypeStr">Inherit: Inherit via internal rule</P>
      <P Name="KtParamMin">[]</P>
      <P Name="KtParamMax">[]</P>
      <P Name="KbOutDataTypeStr">Inherit: Inherit via internal rule</P>
      <P Name="KbOutMin">[]</P>
      <P Name="KbOutMax">[]</P>
      <P Name="KtOutDataTypeStr">Inherit: Inherit via internal rule</P>
      <P Name="KtOutMin">[]</P>
      <P Name="KtOutMax">[]</P>
      <P Name="IntegratorOutDataTypeStr">Inherit: Inherit via internal rule</P>
      <P Name="IntegratorOutMin">[]</P>
      <P Name="IntegratorOutMax">[]</P>
      <P Name="FilterOutDataTypeStr">Inherit: Inherit via internal rule</P>
      <P Name="FilterOutMin">[]</P>
      <P Name="FilterOutMax">[]</P>
      <P Name="SumI1OutDataTypeStr">Inherit: Inherit via internal rule</P>
      <P Name="SumI1OutMin">[]</P>
      <P Name="SumI1OutMax">[]</P>
      <P Name="SumI2OutDataTypeStr">Inherit: Inherit via internal rule</P>
      <P Name="SumI2OutMin">[]</P>
      <P Name="SumI2OutMax">[]</P>
      <P Name="SumI3OutDataTypeStr">Inherit: Inherit via internal rule</P>
      <P Name="SumI3OutMin">[]</P>
      <P Name="SumI3OutMax">[]</P>
      <P Name="SumI4OutDataTypeStr">Inherit: Inherit via internal rule</P>
      <P Name="SumI4OutMin">[]</P>
      <P Name="SumI4OutMax">[]</P>
      <P Name="SumDOutDataTypeStr">Inherit: Inherit via internal rule</P>
      <P Name="SumDOutMin">[]</P>
      <P Name="SumDOutMax">[]</P>
      <P Name="SumAccumDataTypeStr">Inherit: Inherit via internal rule</P>
      <P Name="SumI1AccumDataTypeStr">Inherit: Inherit via internal rule</P>
      <P Name="SumI2AccumDataTypeStr">Inherit: Inherit via internal rule</P>
      <P Name="SumI3AccumDataTypeStr">Inherit: Inherit via internal rule</P>
      <P Name="SumI4AccumDataTypeStr">Inherit: Inherit via internal rule</P>
      <P Name="SumDAccumDataTypeStr">Inherit: Inherit via internal rule</P>
      <P Name="DifferentiatorOutDataTypeStr">Inherit: Inherit via internal rule</P>
      <P Name="DifferentiatorOutMin">[]</P>
      <P Name="DifferentiatorOutMax">[]</P>
      <P Name="FilterDiffNumProductOutputDataTypeStr">Inherit: Inherit via internal rule</P>
      <P Name="FilterDiffDenProductOutputDataTypeStr">Inherit: Inherit via internal rule</P>
      <P Name="FilterDiffNumAccumDataTypeStr">Inherit: Inherit via internal rule</P>
      <P Name="FilterDiffDenAccumDataTypeStr">Inherit: Inherit via internal rule</P>
      <P Name="FilterDiffOutCoefDataTypeStr">Inherit: Inherit via internal rule</P>
      <P Name="FilterDiffOutCoefMin">[]</P>
      <P Name="FilterDiffOutCoefMax">[]</P>
      <P Name="ReciprocalOutDataTypeStr">Inherit: Inherit via internal rule</P>
      <P Name="ReciprocalOutMin">[]</P>
      <P Name="ReciprocalOutMax">[]</P>
      <P Name="SumDenOutDataTypeStr">Inherit: Inherit via internal rule</P>
      <P Name="SumDenOutMin">[]</P>
      <P Name="SumDenOutMax">[]</P>
      <P Name="SumNumOutDataTypeStr">Inherit: Inherit via internal rule</P>
      <P Name="SumNumOutMin">[]</P>
      <P Name="SumNumOutMax">[]</P>
      <P Name="SumDenAccumDataTypeStr">Inherit: Inherit via internal rule</P>
      <P Name="SumNumAccumDataTypeStr">Inherit: Inherit via internal rule</P>
      <P Name="DivideOutDataTypeStr">Inherit: Inherit via internal rule</P>
      <P Name="DivideOutMin">[]</P>
      <P Name="DivideOutMax">[]</P>
      <P Name="UdiffTsProdOutDataTypeStr">Inherit: Inherit via internal rule</P>
      <P Name="UdiffTsProdOutMin">[]</P>
      <P Name="UdiffTsProdOutMax">[]</P>
      <P Name="NTsProdOutDataTypeStr">Inherit: Inherit via internal rule</P>
      <P Name="NTsProdOutMin">[]</P>
      <P Name="NTsProdOutMax">[]</P>
      <P Name="UintegralTsProdOutDataTypeStr">Inherit: Inherit via internal rule</P>
      <P Name="UintegralTsProdOutMin">[]</P>
      <P Name="UintegralTsProdOutMax">[]</P>
      <P Name="UngainTsProdOutDataTypeStr">Inherit: Inherit via internal rule</P>
      <P Name="UngainTsProdOutMin">[]</P>
      <P Name="UngainTsProdOutMax">[]</P>
      <P Name="ClampingZeroOutDataTypeStr">Inherit: Inherit via back propagation</P>
      <P Name="ClampingZeroOutMin">[]</P>
      <P Name="ClampingZeroOutMax">[]</P>
      <P Name="FilterDenConstantOutDataTypeStr">Inherit: Inherit via back propagation</P>
      <P Name="FilterDenConstantOutMin">[]</P>
      <P Name="FilterDenConstantOutMax">[]</P>
      <P Name="PCopyOutDataTypeStr">Inherit: Inherit via back propagation</P>
      <P Name="PCopyOutMin">[]</P>
      <P Name="PCopyOutMax">[]</P>
      <P Name="NCopyOutDataTypeStr">Inherit: Inherit via back propagation</P>
      <P Name="NCopyOutMin">[]</P>
      <P Name="NCopyOutMax">[]</P>
      <P Name="IntegratorContinuousStateAttributes">&apos;&apos;</P>
      <P Name="IntegratorStateMustResolveToSignalObject">off</P>
      <P Name="IntegratorRTWStateStorageClass">Auto</P>
      <P Name="FilterContinuousStateAttributes">&apos;&apos;</P>
      <P Name="FilterStateMustResolveToSignalObject">off</P>
      <P Name="FilterRTWStateStorageClass">Auto</P>
      <P Name="ParallelPVariant">InternalParameters</P>
      <P Name="IdealPVariant">Disabled</P>
      <P Name="IVariant">InternalParameters</P>
      <P Name="DVariant">InternalParameters</P>
      <P Name="IntegratorVariant">Continuous</P>
      <P Name="SatVariant">Disabled</P>
      <P Name="AWVariant">Passthrough</P>
      <P Name="PCopyVariant">Disabled</P>
      <P Name="TRVariant">Disabled</P>
      <P Name="FdbkBlocksVariant">Forward</P>
      <P Name="IdealPFdbkVariant">Disabled</P>
      <P Name="SatFdbkVariant">Disabled</P>
      <P Name="DerivativeFilterVariant">ContFilter</P>
      <P Name="NVariant">InternalParameters</P>
      <P Name="NCopyVariant">Disabled</P>
      <P Name="FilterICVariant">InternalICsFilter</P>
      <P Name="IntegratorICVariant">InternalICs</P>
      <P Name="ExternalResetVariant">Disabled</P>
      <P Name="TRSumVariant">Passthrough</P>
      <P Name="SumFdbkVariant">Disabled</P>
      <P Name="SumVariant">Sum_PID</P>
      <P Name="TsampFilterVariant">InternalTs</P>
      <P Name="TsampNgainVariant">Passthrough</P>
      <P Name="TsampIntegralVariant">Disabled_SignalSpec</P>
      <P Name="ExternalSaturationOutDataTypeStr">Inherit: Same as second input</P>
      <P Name="DerivativeSourceVariant">ErrorSignal</P>
      <P Name="InitialConditionSetting">Auto</P>
      <P Name="PreIntVariant">InternalPreInt</P>
    </InstanceData>
  </Block>
  <Block BlockType="Reference" Name="PID Controller2" SID="125">
    <PortCounts in="1" out="1"/>
    <P Name="Position">[60, 1691, 175, 1779]</P>
    <P Name="ZOrder">24654</P>
    <P Name="BlockMirror">on</P>
    <P Name="LibrarySourceBlock">simulink/Continuous/PID Controller</P>
    <P Name="LibraryVersion">11.0</P>
    <P Name="SourceBlock">slpidlib/PID Controller</P>
    <P Name="SourceType">PID 1dof</P>
    <InstanceData>
      <P Name="RTWMemSecFuncInitTerm">Inherit from model</P>
      <P Name="RTWMemSecFuncExecute">Inherit from model</P>
      <P Name="RTWMemSecDataConstants">Inherit from model</P>
      <P Name="RTWMemSecDataInternal">Inherit from model</P>
      <P Name="RTWMemSecDataParameters">Inherit from model</P>
      <P Name="ContentPreviewEnabled">on</P>
      <P Name="Controller">PID</P>
      <P Name="Form">Parallel</P>
      <P Name="TimeDomain">Continuous-time</P>
      <P Name="UseExternalTs">off</P>
      <P Name="SampleTime">-1</P>
      <P Name="IntegratorMethod">Forward Euler</P>
      <P Name="FilterMethod">Forward Euler</P>
      <P Name="ControllerParametersSource">internal</P>
      <P Name="P">1</P>
      <P Name="I">1</P>
      <P Name="UseKiTs">off</P>
      <P Name="D">1</P>
      <P Name="UseExternalDerivativeSource">off</P>
      <P Name="N">100</P>
      <P Name="UseFilter">on</P>
      <P Name="TunerSelectOption">Transfer Function Based (PID Tuner App)</P>
      <P Name="ZeroCross">on</P>
      <P Name="InitialConditionSource">internal</P>
      <P Name="InitialConditionForIntegrator">0</P>
      <P Name="InitialConditionForFilter">0</P>
      <P Name="DifferentiatorICPrevScaledInput">0</P>
      <P Name="ExternalReset">none</P>
      <P Name="IgnoreLimit">off</P>
      <P Name="TrackingMode">off</P>
      <P Name="Kt">1</P>
      <P Name="LimitOutput">off</P>
      <P Name="SatLimitsSource">internal</P>
      <P Name="UpperSaturationLimit">inf</P>
      <P Name="LowerSaturationLimit">-inf</P>
      <P Name="LinearizeAsGain">on</P>
      <P Name="AntiWindupMode">none</P>
      <P Name="Kb">1</P>
      <P Name="LimitIntegrator">off</P>
      <P Name="UpperIntegratorSaturationLimit">inf</P>
      <P Name="LowerIntegratorSaturationLimit">-inf</P>
      <P Name="RndMeth">Floor</P>
      <P Name="SaturateOnIntegerOverflow">off</P>
      <P Name="LockScale">off</P>
      <P Name="PGainOutDataTypeStr">Inherit: Inherit via internal rule</P>
      <P Name="PProdOutDataTypeStr">Inherit: Inherit via internal rule</P>
      <P Name="POutMin">[]</P>
      <P Name="POutMax">[]</P>
      <P Name="IGainOutDataTypeStr">Inherit: Inherit via internal rule</P>
      <P Name="IProdOutDataTypeStr">Inherit: Inherit via internal rule</P>
      <P Name="IOutMin">[]</P>
      <P Name="IOutMax">[]</P>
      <P Name="DGainOutDataTypeStr">Inherit: Inherit via internal rule</P>
      <P Name="DProdOutDataTypeStr">Inherit: Inherit via internal rule</P>
      <P Name="DOutMin">[]</P>
      <P Name="DOutMax">[]</P>
      <P Name="NGainOutDataTypeStr">Inherit: Inherit via internal rule</P>
      <P Name="NProdOutDataTypeStr">Inherit: Inherit via internal rule</P>
      <P Name="NOutMin">[]</P>
      <P Name="NOutMax">[]</P>
      <P Name="SumOutDataTypeStr">Inherit: Inherit via internal rule</P>
      <P Name="SumOutMin">[]</P>
      <P Name="SumOutMax">[]</P>
      <P Name="SaturationOutDataTypeStr">Inherit: Same as input</P>
      <P Name="SaturationOutMin">[]</P>
      <P Name="SaturationOutMax">[]</P>
      <P Name="PParamDataTypeStr">Inherit: Inherit via internal rule</P>
      <P Name="PParamMin">[]</P>
      <P Name="PParamMax">[]</P>
      <P Name="IParamDataTypeStr">Inherit: Inherit via internal rule</P>
      <P Name="IParamMin">[]</P>
      <P Name="IParamMax">[]</P>
      <P Name="DParamDataTypeStr">Inherit: Inherit via internal rule</P>
      <P Name="DParamMin">[]</P>
      <P Name="DParamMax">[]</P>
      <P Name="NParamDataTypeStr">Inherit: Inherit via internal rule</P>
      <P Name="NParamMin">[]</P>
      <P Name="NParamMax">[]</P>
      <P Name="KbParamDataTypeStr">Inherit: Inherit via internal rule</P>
      <P Name="KbParamMin">[]</P>
      <P Name="KbParamMax">[]</P>
      <P Name="KtParamDataTypeStr">Inherit: Inherit via internal rule</P>
      <P Name="KtParamMin">[]</P>
      <P Name="KtParamMax">[]</P>
      <P Name="KbOutDataTypeStr">Inherit: Inherit via internal rule</P>
      <P Name="KbOutMin">[]</P>
      <P Name="KbOutMax">[]</P>
      <P Name="KtOutDataTypeStr">Inherit: Inherit via internal rule</P>
      <P Name="KtOutMin">[]</P>
      <P Name="KtOutMax">[]</P>
      <P Name="IntegratorOutDataTypeStr">Inherit: Inherit via internal rule</P>
      <P Name="IntegratorOutMin">[]</P>
      <P Name="IntegratorOutMax">[]</P>
      <P Name="FilterOutDataTypeStr">Inherit: Inherit via internal rule</P>
      <P Name="FilterOutMin">[]</P>
      <P Name="FilterOutMax">[]</P>
      <P Name="SumI1OutDataTypeStr">Inherit: Inherit via internal rule</P>
      <P Name="SumI1OutMin">[]</P>
      <P Name="SumI1OutMax">[]</P>
      <P Name="SumI2OutDataTypeStr">Inherit: Inherit via internal rule</P>
      <P Name="SumI2OutMin">[]</P>
      <P Name="SumI2OutMax">[]</P>
      <P Name="SumI3OutDataTypeStr">Inherit: Inherit via internal rule</P>
      <P Name="SumI3OutMin">[]</P>
      <P Name="SumI3OutMax">[]</P>
      <P Name="SumI4OutDataTypeStr">Inherit: Inherit via internal rule</P>
      <P Name="SumI4OutMin">[]</P>
      <P Name="SumI4OutMax">[]</P>
      <P Name="SumDOutDataTypeStr">Inherit: Inherit via internal rule</P>
      <P Name="SumDOutMin">[]</P>
      <P Name="SumDOutMax">[]</P>
      <P Name="SumAccumDataTypeStr">Inherit: Inherit via internal rule</P>
      <P Name="SumI1AccumDataTypeStr">Inherit: Inherit via internal rule</P>
      <P Name="SumI2AccumDataTypeStr">Inherit: Inherit via internal rule</P>
      <P Name="SumI3AccumDataTypeStr">Inherit: Inherit via internal rule</P>
      <P Name="SumI4AccumDataTypeStr">Inherit: Inherit via internal rule</P>
      <P Name="SumDAccumDataTypeStr">Inherit: Inherit via internal rule</P>
      <P Name="DifferentiatorOutDataTypeStr">Inherit: Inherit via internal rule</P>
      <P Name="DifferentiatorOutMin">[]</P>
      <P Name="DifferentiatorOutMax">[]</P>
      <P Name="FilterDiffNumProductOutputDataTypeStr">Inherit: Inherit via internal rule</P>
      <P Name="FilterDiffDenProductOutputDataTypeStr">Inherit: Inherit via internal rule</P>
      <P Name="FilterDiffNumAccumDataTypeStr">Inherit: Inherit via internal rule</P>
      <P Name="FilterDiffDenAccumDataTypeStr">Inherit: Inherit via internal rule</P>
      <P Name="FilterDiffOutCoefDataTypeStr">Inherit: Inherit via internal rule</P>
      <P Name="FilterDiffOutCoefMin">[]</P>
      <P Name="FilterDiffOutCoefMax">[]</P>
      <P Name="ReciprocalOutDataTypeStr">Inherit: Inherit via internal rule</P>
      <P Name="ReciprocalOutMin">[]</P>
      <P Name="ReciprocalOutMax">[]</P>
      <P Name="SumDenOutDataTypeStr">Inherit: Inherit via internal rule</P>
      <P Name="SumDenOutMin">[]</P>
      <P Name="SumDenOutMax">[]</P>
      <P Name="SumNumOutDataTypeStr">Inherit: Inherit via internal rule</P>
      <P Name="SumNumOutMin">[]</P>
      <P Name="SumNumOutMax">[]</P>
      <P Name="SumDenAccumDataTypeStr">Inherit: Inherit via internal rule</P>
      <P Name="SumNumAccumDataTypeStr">Inherit: Inherit via internal rule</P>
      <P Name="DivideOutDataTypeStr">Inherit: Inherit via internal rule</P>
      <P Name="DivideOutMin">[]</P>
      <P Name="DivideOutMax">[]</P>
      <P Name="UdiffTsProdOutDataTypeStr">Inherit: Inherit via internal rule</P>
      <P Name="UdiffTsProdOutMin">[]</P>
      <P Name="UdiffTsProdOutMax">[]</P>
      <P Name="NTsProdOutDataTypeStr">Inherit: Inherit via internal rule</P>
      <P Name="NTsProdOutMin">[]</P>
      <P Name="NTsProdOutMax">[]</P>
      <P Name="UintegralTsProdOutDataTypeStr">Inherit: Inherit via internal rule</P>
      <P Name="UintegralTsProdOutMin">[]</P>
      <P Name="UintegralTsProdOutMax">[]</P>
      <P Name="UngainTsProdOutDataTypeStr">Inherit: Inherit via internal rule</P>
      <P Name="UngainTsProdOutMin">[]</P>
      <P Name="UngainTsProdOutMax">[]</P>
      <P Name="ClampingZeroOutDataTypeStr">Inherit: Inherit via back propagation</P>
      <P Name="ClampingZeroOutMin">[]</P>
      <P Name="ClampingZeroOutMax">[]</P>
      <P Name="FilterDenConstantOutDataTypeStr">Inherit: Inherit via back propagation</P>
      <P Name="FilterDenConstantOutMin">[]</P>
      <P Name="FilterDenConstantOutMax">[]</P>
      <P Name="PCopyOutDataTypeStr">Inherit: Inherit via back propagation</P>
      <P Name="PCopyOutMin">[]</P>
      <P Name="PCopyOutMax">[]</P>
      <P Name="NCopyOutDataTypeStr">Inherit: Inherit via back propagation</P>
      <P Name="NCopyOutMin">[]</P>
      <P Name="NCopyOutMax">[]</P>
      <P Name="IntegratorContinuousStateAttributes">&apos;&apos;</P>
      <P Name="IntegratorStateMustResolveToSignalObject">off</P>
      <P Name="IntegratorRTWStateStorageClass">Auto</P>
      <P Name="FilterContinuousStateAttributes">&apos;&apos;</P>
      <P Name="FilterStateMustResolveToSignalObject">off</P>
      <P Name="FilterRTWStateStorageClass">Auto</P>
      <P Name="ParallelPVariant">InternalParameters</P>
      <P Name="IdealPVariant">Disabled</P>
      <P Name="IVariant">InternalParameters</P>
      <P Name="DVariant">InternalParameters</P>
      <P Name="IntegratorVariant">Continuous</P>
      <P Name="SatVariant">Disabled</P>
      <P Name="AWVariant">Passthrough</P>
      <P Name="PCopyVariant">Disabled</P>
      <P Name="TRVariant">Disabled</P>
      <P Name="FdbkBlocksVariant">Forward</P>
      <P Name="IdealPFdbkVariant">Disabled</P>
      <P Name="SatFdbkVariant">Disabled</P>
      <P Name="DerivativeFilterVariant">ContFilter</P>
      <P Name="NVariant">InternalParameters</P>
      <P Name="NCopyVariant">Disabled</P>
      <P Name="FilterICVariant">InternalICsFilter</P>
      <P Name="IntegratorICVariant">InternalICs</P>
      <P Name="ExternalResetVariant">Disabled</P>
      <P Name="TRSumVariant">Passthrough</P>
      <P Name="SumFdbkVariant">Disabled</P>
      <P Name="SumVariant">Sum_PID</P>
      <P Name="TsampFilterVariant">InternalTs</P>
      <P Name="TsampNgainVariant">Passthrough</P>
      <P Name="TsampIntegralVariant">Disabled_SignalSpec</P>
      <P Name="ExternalSaturationOutDataTypeStr">Inherit: Same as second input</P>
      <P Name="DerivativeSourceVariant">ErrorSignal</P>
      <P Name="InitialConditionSetting">Auto</P>
      <P Name="PreIntVariant">InternalPreInt</P>
    </InstanceData>
  </Block>
  <Block BlockType="Product" Name="Product" SID="42">
    <PortCounts in="2" out="1"/>
    <P Name="Position">[540, 487, 570, 518]</P>
    <P Name="ZOrder">24616</P>
  </Block>
  <Block BlockType="Product" Name="Product1" SID="43">
    <PortCounts in="2" out="1"/>
    <P Name="Position">[540, 582, 570, 613]</P>
    <P Name="ZOrder">24617</P>
  </Block>
  <Block BlockType="Scope" Name="Scope" SID="128">
    <PortCounts in="1"/>
    <P Name="Position">[1120, 1494, 1150, 1526]</P>
    <P Name="ZOrder">24657</P>
    <P Name="GraphicalSettings">{&quot;Style&quot;:{&quot;BackgroundColor&quot;:[0.12941176470588237,0.12941176470588237,0.12941176470588237],&quot;AxesColor&quot;:[0.07058823529411765,0.07058823529411765,0.07058823529411765],&quot;LabelsColor&quot;:[0.8509803921568627,0.8509803921568627,0.8509803921568627],&quot;PreserveColors&quot;:false,&quot;Visible&quot;:[true],&quot;LineStyle&quot;:[&quot;-&quot;],&quot;LineWidth&quot;:[1.5],&quot;BarWidth&quot;:[0.9],&quot;LineColor&quot;:[&quot;auto&quot;],&quot;LineFaceAlpha&quot;:[1],&quot;LineEdgeAlpha&quot;:[1],&quot;Marker&quot;:[&quot;none&quot;],&quot;FontSize&quot;:8.5,&quot;LineTrueColor&quot;:[[1,0.9098039215686274,0.39215686274509803]],&quot;ChannelNames&quot;:&quot;&quot;,&quot;DefaultLegendLabel&quot;:[&quot;Demux/2&quot;],&quot;PlotType&quot;:&quot;Auto&quot;,&quot;NumLinesForDisplays&quot;:[1],&quot;OffsetView&quot;:true,&quot;LineLabels&quot;:[&quot;Demux/2&quot;],&quot;MinimizeControls&quot;:false,&quot;LineCache&quot;:null},&quot;MeasurementChannel&quot;:0,&quot;AxesScalingProperties&quot;:{&quot;AxesScaling&quot;:&quot;Manual&quot;,&quot;ExpandOnly&quot;:true,&quot;AxesScalingNumUpdates&quot;:10,&quot;ScaleAxesLimitsAtStop&quot;:false,&quot;YAxisDataRange&quot;:80,&quot;AlignYAxis&quot;:&quot;Center&quot;,&quot;AutoScaleXAxisLimits&quot;:false,&quot;XAxisDataRange&quot;:100,&quot;AlignXAxis&quot;:&quot;Center&quot;},&quot;DisplayProperties&quot;:{&quot;DisplayLayoutDimensions&quot;:[1,1],&quot;DisplayPropertyDefaults&quot;:{&quot;MaxYLimMag&quot;:3.9255111094796957,&quot;MaxYLimReal&quot;:6.379859322897927,&quot;MinYLimMag&quot;:0,&quot;MinYLimReal&quot;:-4.316563380329114,&quot;PlotAsMagnitudePhase&quot;:false,&quot;ShowGrid&quot;:true,&quot;ShowLegend&quot;:false,&quot;Title&quot;:&quot;%&lt;SignalLabel&gt;&quot;,&quot;YLabel&quot;:&quot;&quot;},&quot;DisplayContentCache&quot;:{&quot;Title&quot;:&quot;&quot;,&quot;LinePropertiesCache&quot;:{},&quot;UserDefinedChannelNames&quot;:{},&quot;PlotMagPhase&quot;:0},&quot;SerializedDisplays&quot;:[{&quot;Title&quot;:&quot;%&lt;SignalLabel&gt;&quot;,&quot;LinePropertiesCache&quot;:{},&quot;UserDefinedChannelNames&quot;:{},&quot;PlotMagPhase&quot;:0,&quot;MaxYLimMag&quot;:3.9255111094796957,&quot;MaxYLimReal&quot;:6.379859322897927,&quot;MinYLimMag&quot;:0,&quot;MinYLimReal&quot;:-4.316563380329114,&quot;PlotAsMagnitudePhase&quot;:false,&quot;ShowGrid&quot;:true,&quot;ShowLegend&quot;:false,&quot;YLabel&quot;:&quot;&quot;,&quot;NumLines&quot;:1,&quot;ShowContent&quot;:1,&quot;Placement&quot;:0}],&quot;ColorOrder&quot;:[&quot;auto&quot;,&quot;auto&quot;,&quot;auto&quot;,&quot;auto&quot;,&quot;auto&quot;,&quot;auto&quot;,&quot;auto&quot;,&quot;auto&quot;,&quot;auto&quot;,&quot;auto&quot;,&quot;auto&quot;,&quot;auto&quot;,&quot;auto&quot;,&quot;auto&quot;,&quot;auto&quot;,&quot;auto&quot;,&quot;auto&quot;,&quot;auto&quot;,&quot;auto&quot;,&quot;auto&quot;,&quot;auto&quot;,&quot;auto&quot;,&quot;auto&quot;,&quot;auto&quot;,&quot;auto&quot;,&quot;auto&quot;,&quot;auto&quot;,&quot;auto&quot;,&quot;auto&quot;,&quot;auto&quot;,&quot;auto&quot;,&quot;auto&quot;,&quot;auto&quot;,&quot;auto&quot;,&quot;auto&quot;,&quot;auto&quot;,&quot;auto&quot;,&quot;auto&quot;,&quot;auto&quot;,&quot;auto&quot;,&quot;auto&quot;,&quot;auto&quot;,&quot;auto&quot;,&quot;auto&quot;,&quot;auto&quot;,&quot;auto&quot;,&quot;auto&quot;,&quot;auto&quot;,&quot;auto&quot;,&quot;auto&quot;,&quot;auto&quot;,&quot;auto&quot;,&quot;auto&quot;,&quot;auto&quot;,&quot;auto&quot;,&quot;auto&quot;,&quot;auto&quot;,&quot;auto&quot;,&quot;auto&quot;,&quot;auto&quot;,&quot;auto&quot;,&quot;auto&quot;,&quot;auto&quot;,&quot;auto&quot;,&quot;auto&quot;,&quot;auto&quot;,&quot;auto&quot;,&quot;auto&quot;,&quot;auto&quot;,&quot;auto&quot;,&quot;auto&quot;,&quot;auto&quot;,&quot;auto&quot;,&quot;auto&quot;,&quot;auto&quot;,&quot;auto&quot;,&quot;auto&quot;,&quot;auto&quot;,&quot;auto&quot;,&quot;auto&quot;,&quot;auto&quot;,&quot;auto&quot;,&quot;auto&quot;,&quot;auto&quot;,&quot;auto&quot;,&quot;auto&quot;,&quot;auto&quot;,&quot;auto&quot;,&quot;auto&quot;,&quot;auto&quot;,&quot;auto&quot;,&quot;auto&quot;,&quot;auto&quot;,&quot;auto&quot;,&quot;auto&quot;,&quot;auto&quot;,&quot;auto&quot;,&quot;auto&quot;,&quot;auto&quot;,&quot;auto&quot;]}}</P>
    <P Name="WindowPosition">[680.000000,632.000000,560.000000,420.000000,]</P>
    <P Name="ScopeFrameLocation">window</P>
    <P Name="WasSavedAsWebScope">on</P>
    <P Name="Floating">off</P>
    <P Name="MultipleDisplayCache">[{&quot;MaxYLimMag&quot;:3.9255111094796957,&quot;MaxYLimReal&quot;:6.3798593228979268,&quot;MinYLimMag&quot;:0,&quot;MinYLimReal&quot;:-4.3165633803291144,&quot;PlotAsMagnitudePhase&quot;:false,&quot;ShowGrid&quot;:true,&quot;ShowLegend&quot;:false,&quot;Title&quot;:&quot;%&lt;SignalLabel&gt;&quot;,&quot;YLabel&quot;:&quot;&quot;}]</P>
    <P Name="NumInputPorts">1</P>
    <P Name="ActiveDisplayYMinimum">-4.3165633803291144</P>
    <P Name="ActiveDisplayYMaximum">6.3798593228979268</P>
  </Block>
  <Block BlockType="Scope" Name="Scope1" SID="129">
    <PortCounts in="1"/>
    <P Name="Position">[1120, 1634, 1150, 1666]</P>
    <P Name="ZOrder">24658</P>
    <P Name="GraphicalSettings">{&quot;AxesScalingProperties&quot;:{&quot;AlignXAxis&quot;:&quot;Center&quot;,&quot;AlignYAxis&quot;:&quot;Center&quot;,&quot;AutoScaleXAxisLimits&quot;:false,&quot;AxesScaling&quot;:&quot;Manual&quot;,&quot;AxesScalingNumUpdates&quot;:10,&quot;ExpandOnly&quot;:true,&quot;ScaleAxesLimitsAtStop&quot;:false,&quot;XAxisDataRange&quot;:100,&quot;YAxisDataRange&quot;:80},&quot;DisplayProperties&quot;:{&quot;ColorOrder&quot;:[&quot;auto&quot;,&quot;auto&quot;,&quot;auto&quot;,&quot;auto&quot;,&quot;auto&quot;,&quot;auto&quot;,&quot;auto&quot;,&quot;auto&quot;,&quot;auto&quot;,&quot;auto&quot;,&quot;auto&quot;,&quot;auto&quot;,&quot;auto&quot;,&quot;auto&quot;,&quot;auto&quot;,&quot;auto&quot;,&quot;auto&quot;,&quot;auto&quot;,&quot;auto&quot;,&quot;auto&quot;,&quot;auto&quot;,&quot;auto&quot;,&quot;auto&quot;,&quot;auto&quot;,&quot;auto&quot;,&quot;auto&quot;,&quot;auto&quot;,&quot;auto&quot;,&quot;auto&quot;,&quot;auto&quot;,&quot;auto&quot;,&quot;auto&quot;,&quot;auto&quot;,&quot;auto&quot;,&quot;auto&quot;,&quot;auto&quot;,&quot;auto&quot;,&quot;auto&quot;,&quot;auto&quot;,&quot;auto&quot;,&quot;auto&quot;,&quot;auto&quot;,&quot;auto&quot;,&quot;auto&quot;,&quot;auto&quot;,&quot;auto&quot;,&quot;auto&quot;,&quot;auto&quot;,&quot;auto&quot;,&quot;auto&quot;,&quot;auto&quot;,&quot;auto&quot;,&quot;auto&quot;,&quot;auto&quot;,&quot;auto&quot;,&quot;auto&quot;,&quot;auto&quot;,&quot;auto&quot;,&quot;auto&quot;,&quot;auto&quot;,&quot;auto&quot;,&quot;auto&quot;,&quot;auto&quot;,&quot;auto&quot;,&quot;auto&quot;,&quot;auto&quot;,&quot;auto&quot;,&quot;auto&quot;,&quot;auto&quot;,&quot;auto&quot;,&quot;auto&quot;,&quot;auto&quot;,&quot;auto&quot;,&quot;auto&quot;,&quot;auto&quot;,&quot;auto&quot;,&quot;auto&quot;,&quot;auto&quot;,&quot;auto&quot;,&quot;auto&quot;,&quot;auto&quot;,&quot;auto&quot;,&quot;auto&quot;,&quot;auto&quot;,&quot;auto&quot;,&quot;auto&quot;,&quot;auto&quot;,&quot;auto&quot;,&quot;auto&quot;,&quot;auto&quot;,&quot;auto&quot;,&quot;auto&quot;,&quot;auto&quot;,&quot;auto&quot;,&quot;auto&quot;,&quot;auto&quot;,&quot;auto&quot;,&quot;auto&quot;,&quot;auto&quot;,&quot;auto&quot;],&quot;DisplayContentCache&quot;:{&quot;LinePropertiesCache&quot;:{},&quot;PlotMagPhase&quot;:0,&quot;Title&quot;:&quot;&quot;,&quot;UserDefinedChannelNames&quot;:{}},&quot;DisplayLayoutDimensions&quot;:[1,1],&quot;DisplayPropertyDefaults&quot;:{&quot;MaxYLimMag&quot;:3895.1608776194566,&quot;MaxYLimReal&quot;:1964.9102723132971,&quot;MinYLimMag&quot;:0,&quot;MinYLimReal&quot;:-1265.5928795949478,&quot;PlotAsMagnitudePhase&quot;:false,&quot;ShowGrid&quot;:true,&quot;ShowLegend&quot;:false,&quot;Title&quot;:&quot;%&lt;SignalLabel&gt;&quot;,&quot;YLabel&quot;:&quot;&quot;},&quot;SerializedDisplays&quot;:[{&quot;LinePropertiesCache&quot;:{},&quot;MaxYLimMag&quot;:3895.1608776194566,&quot;MaxYLimReal&quot;:1964.9102723132971,&quot;MinYLimMag&quot;:0,&quot;MinYLimReal&quot;:-1265.5928795949478,&quot;NumLines&quot;:1,&quot;Placement&quot;:0,&quot;PlotAsMagnitudePhase&quot;:false,&quot;PlotMagPhase&quot;:0,&quot;ShowContent&quot;:1,&quot;ShowGrid&quot;:true,&quot;ShowLegend&quot;:false,&quot;Title&quot;:&quot;%&lt;SignalLabel&gt;&quot;,&quot;UserDefinedChannelNames&quot;:{},&quot;YLabel&quot;:&quot;&quot;}]},&quot;MeasurementChannel&quot;:0,&quot;Style&quot;:{&quot;AxesColor&quot;:[0.070588235294117646,0.070588235294117646,0.070588235294117646],&quot;BackgroundColor&quot;:[0.12941176470588237,0.12941176470588237,0.12941176470588237],&quot;BarWidth&quot;:[0.9],&quot;ChannelNames&quot;:&quot;&quot;,&quot;DefaultLegendLabel&quot;:[&quot;Demux2\/1&quot;],&quot;FontSize&quot;:8.5,&quot;LabelsColor&quot;:[0.85098039215686272,0.85098039215686272,0.85098039215686272],&quot;LineCache&quot;:null,&quot;LineColor&quot;:[&quot;auto&quot;],&quot;LineEdgeAlpha&quot;:[1],&quot;LineFaceAlpha&quot;:[1],&quot;LineLabels&quot;:[&quot;Demux2\/1&quot;],&quot;LineStyle&quot;:[&quot;-&quot;],&quot;LineTrueColor&quot;:[[1,0.90980392156862744,0.39215686274509803]],&quot;LineWidth&quot;:[1.5],&quot;Marker&quot;:[&quot;none&quot;],&quot;MinimizeControls&quot;:false,&quot;NumLinesForDisplays&quot;:[1],&quot;OffsetView&quot;:true,&quot;PlotType&quot;:&quot;Auto&quot;,&quot;PreserveColors&quot;:false,&quot;Visible&quot;:[true]}}</P>
    <P Name="WindowPosition">[680.000000,632.000000,560.000000,420.000000,]</P>
    <P Name="ScopeFrameLocation">window</P>
    <P Name="WasSavedAsWebScope">on</P>
    <P Name="Floating">off</P>
    <P Name="MultipleDisplayCache">[{&quot;MaxYLimMag&quot;:3895.1608776194566,&quot;MaxYLimReal&quot;:1527.4568339721202,&quot;MinYLimMag&quot;:0,&quot;MinYLimReal&quot;:-1133.56992822085,&quot;PlotAsMagnitudePhase&quot;:false,&quot;ShowGrid&quot;:true,&quot;ShowLegend&quot;:false,&quot;Title&quot;:&quot;%&lt;SignalLabel&gt;&quot;,&quot;YLabel&quot;:&quot;&quot;}]</P>
    <P Name="NumInputPorts">1</P>
    <P Name="ActiveDisplayYMinimum">-1133.56992822085</P>
    <P Name="ActiveDisplayYMaximum">1527.4568339721202</P>
    <P Name="DataLoggingVariableName">ScopeData1</P>
  </Block>
  <Block BlockType="Scope" Name="Scope2" SID="130">
    <PortCounts in="1"/>
    <P Name="Position">[1120, 1774, 1150, 1806]</P>
    <P Name="ZOrder">24659</P>
    <P Name="GraphicalSettings">{&quot;Style&quot;:{&quot;BackgroundColor&quot;:[0.12941176470588237,0.12941176470588237,0.12941176470588237],&quot;AxesColor&quot;:[0.07058823529411765,0.07058823529411765,0.07058823529411765],&quot;LabelsColor&quot;:[0.8509803921568627,0.8509803921568627,0.8509803921568627],&quot;PreserveColors&quot;:false,&quot;Visible&quot;:[true],&quot;LineStyle&quot;:[&quot;-&quot;],&quot;LineWidth&quot;:[1.5],&quot;BarWidth&quot;:[0.9],&quot;LineColor&quot;:[&quot;auto&quot;],&quot;LineFaceAlpha&quot;:[1],&quot;LineEdgeAlpha&quot;:[1],&quot;Marker&quot;:[&quot;none&quot;],&quot;FontSize&quot;:8.5,&quot;LineTrueColor&quot;:[[1,0.9098039215686274,0.39215686274509803]],&quot;ChannelNames&quot;:&quot;&quot;,&quot;DefaultLegendLabel&quot;:[&quot;Demux/1&quot;],&quot;PlotType&quot;:&quot;Auto&quot;,&quot;NumLinesForDisplays&quot;:[1],&quot;OffsetView&quot;:true,&quot;LineLabels&quot;:[&quot;Demux/1&quot;],&quot;MinimizeControls&quot;:false,&quot;LineCache&quot;:null},&quot;MeasurementChannel&quot;:0,&quot;AxesScalingProperties&quot;:{&quot;AxesScaling&quot;:&quot;Manual&quot;,&quot;ExpandOnly&quot;:true,&quot;AxesScalingNumUpdates&quot;:10,&quot;ScaleAxesLimitsAtStop&quot;:false,&quot;YAxisDataRange&quot;:80,&quot;AlignYAxis&quot;:&quot;Center&quot;,&quot;AutoScaleXAxisLimits&quot;:false,&quot;XAxisDataRange&quot;:100,&quot;AlignXAxis&quot;:&quot;Center&quot;},&quot;DisplayProperties&quot;:{&quot;DisplayLayoutDimensions&quot;:[1,1],&quot;DisplayPropertyDefaults&quot;:{&quot;MaxYLimMag&quot;:1,&quot;MaxYLimReal&quot;:1.3508089660951752,&quot;MinYLimMag&quot;:0,&quot;MinYLimReal&quot;:-1.4633918792173257,&quot;PlotAsMagnitudePhase&quot;:false,&quot;ShowGrid&quot;:true,&quot;ShowLegend&quot;:false,&quot;Title&quot;:&quot;%&lt;SignalLabel&gt;&quot;,&quot;YLabel&quot;:&quot;&quot;},&quot;DisplayContentCache&quot;:{&quot;Title&quot;:&quot;&quot;,&quot;LinePropertiesCache&quot;:{},&quot;UserDefinedChannelNames&quot;:{},&quot;PlotMagPhase&quot;:0},&quot;SerializedDisplays&quot;:[{&quot;Title&quot;:&quot;%&lt;SignalLabel&gt;&quot;,&quot;LinePropertiesCache&quot;:{},&quot;UserDefinedChannelNames&quot;:{},&quot;PlotMagPhase&quot;:0,&quot;MaxYLimMag&quot;:1,&quot;MaxYLimReal&quot;:1.3508089660951752,&quot;MinYLimMag&quot;:0,&quot;MinYLimReal&quot;:-1.4633918792173257,&quot;PlotAsMagnitudePhase&quot;:false,&quot;ShowGrid&quot;:true,&quot;ShowLegend&quot;:false,&quot;YLabel&quot;:&quot;&quot;,&quot;NumLines&quot;:1,&quot;ShowContent&quot;:1,&quot;Placement&quot;:0}],&quot;ColorOrder&quot;:[&quot;auto&quot;,&quot;auto&quot;,&quot;auto&quot;,&quot;auto&quot;,&quot;auto&quot;,&quot;auto&quot;,&quot;auto&quot;,&quot;auto&quot;,&quot;auto&quot;,&quot;auto&quot;,&quot;auto&quot;,&quot;auto&quot;,&quot;auto&quot;,&quot;auto&quot;,&quot;auto&quot;,&quot;auto&quot;,&quot;auto&quot;,&quot;auto&quot;,&quot;auto&quot;,&quot;auto&quot;,&quot;auto&quot;,&quot;auto&quot;,&quot;auto&quot;,&quot;auto&quot;,&quot;auto&quot;,&quot;auto&quot;,&quot;auto&quot;,&quot;auto&quot;,&quot;auto&quot;,&quot;auto&quot;,&quot;auto&quot;,&quot;auto&quot;,&quot;auto&quot;,&quot;auto&quot;,&quot;auto&quot;,&quot;auto&quot;,&quot;auto&quot;,&quot;auto&quot;,&quot;auto&quot;,&quot;auto&quot;,&quot;auto&quot;,&quot;auto&quot;,&quot;auto&quot;,&quot;auto&quot;,&quot;auto&quot;,&quot;auto&quot;,&quot;auto&quot;,&quot;auto&quot;,&quot;auto&quot;,&quot;auto&quot;,&quot;auto&quot;,&quot;auto&quot;,&quot;auto&quot;,&quot;auto&quot;,&quot;auto&quot;,&quot;auto&quot;,&quot;auto&quot;,&quot;auto&quot;,&quot;auto&quot;,&quot;auto&quot;,&quot;auto&quot;,&quot;auto&quot;,&quot;auto&quot;,&quot;auto&quot;,&quot;auto&quot;,&quot;auto&quot;,&quot;auto&quot;,&quot;auto&quot;,&quot;auto&quot;,&quot;auto&quot;,&quot;auto&quot;,&quot;auto&quot;,&quot;auto&quot;,&quot;auto&quot;,&quot;auto&quot;,&quot;auto&quot;,&quot;auto&quot;,&quot;auto&quot;,&quot;auto&quot;,&quot;auto&quot;,&quot;auto&quot;,&quot;auto&quot;,&quot;auto&quot;,&quot;auto&quot;,&quot;auto&quot;,&quot;auto&quot;,&quot;auto&quot;,&quot;auto&quot;,&quot;auto&quot;,&quot;auto&quot;,&quot;auto&quot;,&quot;auto&quot;,&quot;auto&quot;,&quot;auto&quot;,&quot;auto&quot;,&quot;auto&quot;,&quot;auto&quot;,&quot;auto&quot;,&quot;auto&quot;,&quot;auto&quot;]}}</P>
    <P Name="WindowPosition">[680.000000,441.000000,560.000000,420.000000,]</P>
    <P Name="ScopeFrameLocation">window</P>
    <P Name="WasSavedAsWebScope">on</P>
    <P Name="Floating">off</P>
    <P Name="MultipleDisplayCache">[{&quot;MaxYLimMag&quot;:1,&quot;MaxYLimReal&quot;:1.3508089660951752,&quot;MinYLimMag&quot;:0,&quot;MinYLimReal&quot;:-1.4633918792173257,&quot;PlotAsMagnitudePhase&quot;:false,&quot;ShowGrid&quot;:true,&quot;ShowLegend&quot;:false,&quot;Title&quot;:&quot;%&lt;SignalLabel&gt;&quot;,&quot;YLabel&quot;:&quot;&quot;}]</P>
    <P Name="NumInputPorts">1</P>
    <P Name="ActiveDisplayYMinimum">-1.4633918792173257</P>
    <P Name="ActiveDisplayYMaximum">1.3508089660951752</P>
    <P Name="DataLoggingVariableName">ScopeData2</P>
  </Block>
  <Block BlockType="Reference" Name="Sine" SID="41">
    <PortCounts in="1" out="1"/>
    <P Name="Position">[1325, 972, 1390, 1028]</P>
    <P Name="ZOrder">24615</P>
    <P Name="LibraryVersion">8.0</P>
    <P Name="SourceBlock">simulink/Lookup
Tables/Sine</P>
    <P Name="SourceType">Sine and Cosine</P>
    <InstanceData>
      <P Name="RTWMemSecFuncInitTerm">Inherit from model</P>
      <P Name="RTWMemSecFuncExecute">Inherit from model</P>
      <P Name="RTWMemSecDataConstants">Inherit from model</P>
      <P Name="RTWMemSecDataInternal">Inherit from model</P>
      <P Name="RTWMemSecDataParameters">Inherit from model</P>
      <P Name="ContentPreviewEnabled">on</P>
      <P Name="Formula">sin(2*pi*u)</P>
      <P Name="NumDataPoints">(2^5)+1</P>
      <P Name="OutputWordLength">16</P>
      <P Name="InternalRulePriority">Speed</P>
    </InstanceData>
  </Block>
  <Block BlockType="Sum" Name="Sum" SID="24">
    <PortCounts in="2" out="1"/>
    <P Name="Position">[520, 1130, 540, 1150]</P>
    <P Name="ZOrder">24599</P>
    <P Name="Inputs">|++</P>
  </Block>
  <Block BlockType="Sum" Name="Sum1" SID="37">
    <PortCounts in="2" out="1"/>
    <P Name="Position">[610, 905, 630, 925]</P>
    <P Name="ZOrder">24611</P>
    <P Name="Inputs">+-</P>
  </Block>
  <Block BlockType="Sum" Name="Sum2" SID="44">
    <PortCounts in="2" out="1"/>
    <P Name="Position">[645, 465, 665, 485]</P>
    <P Name="ZOrder">24618</P>
  </Block>
  <Line>
    <P Name="ZOrder">4</P>
    <P Name="Src">20#out:1</P>
    <P Name="Dst">22#in:1</P>
  </Line>
  <Line>
    <P Name="ZOrder">5</P>
    <P Name="Src">21#out:1</P>
    <P Name="Dst">23#in:1</P>
  </Line>
  <Line>
    <P Name="ZOrder">6</P>
    <P Name="Src">22#out:1</P>
    <P Name="Points">[18, 0]</P>
    <Branch>
      <P Name="ZOrder">70</P>
      <P Name="Points">[0, 185]</P>
      <P Name="Dst">46#in:1</P>
    </Branch>
    <Branch>
      <P Name="ZOrder">69</P>
      <P Name="Points">[22, 0; 0, 55]</P>
      <P Name="Dst">24#in:1</P>
    </Branch>
  </Line>
  <Line>
    <P Name="ZOrder">7</P>
    <P Name="Src">23#out:1</P>
    <P Name="Points">[58, 0]</P>
    <Branch>
      <P Name="ZOrder">72</P>
      <P Name="Points">[0, 80]</P>
      <P Name="Dst">46#in:2</P>
    </Branch>
    <Branch>
      <P Name="ZOrder">71</P>
      <P Name="Points">[37, 0]</P>
      <P Name="Dst">24#in:2</P>
    </Branch>
  </Line>
  <Line>
    <P Name="ZOrder">17</P>
    <P Name="Src">14#out:1</P>
    <P Name="Dst">30#in:1</P>
  </Line>
  <Line>
    <P Name="ZOrder">18</P>
    <P Name="Src">15#out:1</P>
    <P Name="Points">[47, 0; 0, -85]</P>
    <P Name="Dst">30#in:2</P>
  </Line>
  <Line>
    <P Name="ZOrder">42</P>
    <P Name="Src">32#out:1</P>
    <P Name="Dst">35#in:1</P>
  </Line>
  <Line>
    <P Name="ZOrder">43</P>
    <P Name="Src">33#out:1</P>
    <P Name="Points">[47, 0; 0, -65]</P>
    <P Name="Dst">35#in:2</P>
  </Line>
  <Line>
    <P Name="ZOrder">45</P>
    <P Name="Src">35#out:1</P>
    <P Name="Points">[180, 0]</P>
    <P Name="Dst">37#in:1</P>
  </Line>
  <Line>
    <P Name="ZOrder">46</P>
    <P Name="Src">24#out:1</P>
    <P Name="Points">[75, 0]</P>
    <P Name="Dst">37#in:2</P>
  </Line>
  <Line>
    <P Name="ZOrder">48</P>
    <P Name="Src">37#out:1</P>
    <P Name="Points">[19, 0; 0, -205]</P>
    <P Name="Dst">36#in:1</P>
  </Line>
  <Line>
    <P Name="ZOrder">315</P>
    <P Name="Src">136#out:3</P>
    <P Name="Points">[70, 0; 0, 5]</P>
    <P Name="Dst">39#in:1</P>
  </Line>
  <Line>
    <P Name="ZOrder">54</P>
    <P Name="Src">39#out:3</P>
    <P Name="Points">[15, 0]</P>
    <Branch>
      <P Name="ZOrder">56</P>
      <P Name="Points">[0, -90]</P>
      <P Name="Dst">40#in:1</P>
    </Branch>
    <Branch>
      <P Name="ZOrder">55</P>
      <P Name="Points">[0, 5]</P>
      <P Name="Dst">41#in:1</P>
    </Branch>
  </Line>
  <Line>
    <P Name="ZOrder">57</P>
    <P Name="Src">40#out:1</P>
    <P Name="Points">[19, 0; 0, -355; -898, 0; 0, -55]</P>
    <P Name="Dst">42#in:1</P>
  </Line>
  <Line>
    <P Name="ZOrder">58</P>
    <P Name="Src">41#out:1</P>
    <P Name="Points">[7, 0; 0, -197; -886, 0; 0, -213]</P>
    <P Name="Dst">43#in:1</P>
  </Line>
  <Line>
    <P Name="ZOrder">59</P>
    <P Name="Src">30#out:1</P>
    <P Name="Points">[28, 0]</P>
    <Branch>
      <P Name="ZOrder">62</P>
      <P Name="Points">[0, 50]</P>
      <P Name="Dst">43#in:2</P>
    </Branch>
    <Branch>
      <P Name="ZOrder">61</P>
      <P Name="Points">[0, -45]</P>
      <P Name="Dst">42#in:2</P>
    </Branch>
  </Line>
  <Line>
    <P Name="ZOrder">64</P>
    <P Name="Src">43#out:1</P>
    <P Name="Points">[37, 0; 0, 120]</P>
    <P Name="Dst">36#in:2</P>
  </Line>
  <Line>
    <P Name="ZOrder">65</P>
    <P Name="Src">42#out:1</P>
    <P Name="Points">[80, 0]</P>
    <P Name="Dst">44#in:2</P>
  </Line>
  <Line>
    <P Name="ZOrder">66</P>
    <P Name="Src">44#out:1</P>
    <P Name="Points">[78, 0; 0, 255]</P>
    <P Name="Dst">36#in:3</P>
  </Line>
  <Line>
    <P Name="ZOrder">67</P>
    <P Name="Src">45#out:1</P>
    <P Name="Points">[50, 0]</P>
    <P Name="Dst">44#in:1</P>
  </Line>
  <Line>
    <P Name="ZOrder">313</P>
    <P Name="Src">36#out:1</P>
    <P Name="Points">[53, 0; 0, 225]</P>
    <P Name="Dst">136#in:1</P>
  </Line>
  <Line>
    <P Name="ZOrder">73</P>
    <P Name="Src">46#out:1</P>
    <P Name="Dst">47#in:1</P>
  </Line>
  <Line>
    <P Name="ZOrder">75</P>
    <P Name="Src">47#out:1</P>
    <P Name="Points">[43, 0; 0, -110]</P>
    <P Name="Dst">48#in:3</P>
  </Line>
  <Line>
    <P Name="ZOrder">314</P>
    <P Name="Src">48#out:1</P>
    <P Name="Points">[134, 0; 0, -105]</P>
    <P Name="Dst">136#in:2</P>
  </Line>
  <Line>
    <P Name="ZOrder">317</P>
    <P Name="Src">136#out:1</P>
    <P Name="Points">[25, 0; 0, 15]</P>
    <P Name="Dst">50#in:1</P>
  </Line>
  <Line>
    <P Name="ZOrder">309</P>
    <P Name="Src">134#out:1</P>
    <P Name="Points">[57, 0]</P>
    <Branch>
      <P Name="ZOrder">82</P>
      <P Name="Points">[12, 0]</P>
      <Branch>
        <P Name="ZOrder">91</P>
        <P Name="Points">[0, 355]</P>
        <P Name="Dst">52#in:1</P>
      </Branch>
      <Branch>
        <P Name="ZOrder">90</P>
        <P Name="Dst">14#in:1</P>
      </Branch>
    </Branch>
    <Branch>
      <P Name="ZOrder">30</P>
      <P Name="Points">[0, 200]</P>
      <P Name="Dst">32#in:1</P>
    </Branch>
  </Line>
  <Line>
    <P Name="ZOrder">310</P>
    <P Name="Src">135#out:1</P>
    <P Name="Points">[85, 0]</P>
    <Branch>
      <P Name="ZOrder">93</P>
      <P Name="Points">[0, 335]</P>
      <P Name="Dst">53#in:1</P>
    </Branch>
    <Branch>
      <P Name="ZOrder">92</P>
      <P Name="Points">[14, 0]</P>
      <Branch>
        <P Name="ZOrder">83</P>
        <P Name="Dst">15#in:1</P>
      </Branch>
      <Branch>
        <P Name="ZOrder">32</P>
        <P Name="Points">[0, 180]</P>
        <P Name="Dst">33#in:1</P>
      </Branch>
    </Branch>
  </Line>
  <Line>
    <P Name="ZOrder">86</P>
    <P Name="Src">53#out:1</P>
    <P Name="Points">[47, 0; 0, -65]</P>
    <P Name="Dst">51#in:2</P>
  </Line>
  <Line>
    <P Name="ZOrder">87</P>
    <P Name="Src">52#out:1</P>
    <P Name="Dst">51#in:1</P>
  </Line>
  <Line>
    <P Name="ZOrder">96</P>
    <P Name="Src">51#out:1</P>
    <P Name="Points">[78, 0; 0, 250]</P>
    <P Name="Dst">48#in:2</P>
  </Line>
  <Line>
    <P Name="ZOrder">316</P>
    <P Name="Src">136#out:2</P>
    <P Name="Points">[14, 0; 0, 90]</P>
    <P Name="Dst">56#in:1</P>
  </Line>
  <Line>
    <P Name="ZOrder">265</P>
    <P Name="Src">119#out:1</P>
    <P Name="Points">[-724, 0; 0, -395]</P>
    <P Name="Dst">122#in:2</P>
  </Line>
  <Line>
    <P Name="ZOrder">275</P>
    <P Name="Src">124#out:1</P>
    <P Name="Points">[-554, 0; 0, -165]</P>
    <P Name="Dst">89#in:1</P>
  </Line>
  <Line>
    <P Name="ZOrder">154</P>
    <P Name="Src">89#out:1</P>
    <P Name="Points">[8, 0; 0, -30]</P>
    <Branch>
      <P Name="ZOrder">156</P>
      <P Name="Dst">90#in:2</P>
    </Branch>
    <Branch>
      <P Name="ZOrder">155</P>
      <P Name="Points">[0, -60]</P>
      <P Name="Dst">91#in:2</P>
    </Branch>
  </Line>
  <Line>
    <P Name="ZOrder">171</P>
    <P Name="Src">96#out:1</P>
    <P Name="Points">[677, 0; 0, 130]</P>
    <P Name="Dst">48#in:1</P>
  </Line>
  <Line>
    <P Name="ZOrder">284</P>
    <P Name="Src">125#out:1</P>
    <P Name="Points">[-49, 0; 0, -715]</P>
    <P Name="Dst">96#in:1</P>
  </Line>
  <Line>
    <P Name="Name">front</P>
    <P Name="ZOrder">311</P>
    <P Name="Labels">[0, 0]</P>
    <P Name="Src">90#out:1</P>
    <P Name="Points">[74, 0; 0, -715]</P>
    <P Name="Dst">134#in:1</P>
  </Line>
  <Line>
    <P Name="Name">rear mean</P>
    <P Name="ZOrder">312</P>
    <P Name="Labels">[2, 0]</P>
    <P Name="Src">91#out:1</P>
    <P Name="Points">[0, 25; 149, 0; 0, -580]</P>
    <P Name="Dst">135#in:1</P>
  </Line>
  <Line>
    <P Name="ZOrder">262</P>
    <P Name="Src">120#out:1</P>
    <P Name="Points">[85, 0]</P>
    <P Name="Dst">121#in:2</P>
  </Line>
  <Line>
    <P Name="ZOrder">263</P>
    <P Name="Src">56#out:1</P>
    <P Name="Points">[19, 0; 0, 555; -183, 0]</P>
    <Branch>
      <P Name="ZOrder">288</P>
      <P Name="Points">[0, 70]</P>
      <P Name="Dst">129#in:1</P>
    </Branch>
    <Branch>
      <P Name="ZOrder">287</P>
      <P Name="Dst">121#in:1</P>
    </Branch>
  </Line>
  <Line>
    <P Name="ZOrder">264</P>
    <P Name="Src">121#out:1</P>
    <P Name="Dst">119#in:1</P>
  </Line>
  <Line>
    <P Name="ZOrder">266</P>
    <P Name="Src">123#out:1</P>
    <P Name="Points">[37, 0; 0, 40]</P>
    <P Name="Dst">122#in:1</P>
  </Line>
  <Line>
    <P Name="ZOrder">267</P>
    <P Name="Src">122#out:1</P>
    <P Name="Points">[98, 0]</P>
    <Branch>
      <P Name="ZOrder">269</P>
      <P Name="Points">[0, 60]</P>
      <P Name="Dst">90#in:1</P>
    </Branch>
    <Branch>
      <P Name="ZOrder">268</P>
      <P Name="Dst">91#in:1</P>
    </Branch>
  </Line>
  <Line>
    <P Name="ZOrder">280</P>
    <P Name="Src">126#out:1</P>
    <P Name="Dst">124#in:1</P>
  </Line>
  <Line>
    <P Name="ZOrder">279</P>
    <P Name="Src">39#out:2</P>
    <P Name="Points">[5, 0; 0, 465; -214, 0]</P>
    <Branch>
      <P Name="ZOrder">286</P>
      <P Name="Points">[0, 60]</P>
      <P Name="Dst">128#in:1</P>
    </Branch>
    <Branch>
      <P Name="ZOrder">285</P>
      <P Name="Dst">126#in:1</P>
    </Branch>
  </Line>
  <Line>
    <P Name="ZOrder">278</P>
    <P Name="Src">127#out:1</P>
    <P Name="Points">[85, 0]</P>
    <P Name="Dst">126#in:2</P>
  </Line>
  <Line>
    <P Name="ZOrder">281</P>
    <P Name="Src">39#out:1</P>
    <P Name="Points">[25, 0; 0, 760; -258, 0]</P>
    <Branch>
      <P Name="ZOrder">290</P>
      <P Name="Points">[0, 55]</P>
      <P Name="Dst">130#in:1</P>
    </Branch>
    <Branch>
      <P Name="ZOrder">289</P>
      <P Name="Dst">125#in:1</P>
    </Branch>
  </Line>
  <Line>
    <P Name="ZOrder">292</P>
    <P Name="Src">131#out:1</P>
    <P Name="Points">[35, 0]</P>
    <Branch>
      <P Name="ZOrder">294</P>
      <P Name="Points">[0, 120]</P>
      <P Name="Dst">21#in:1</P>
    </Branch>
    <Branch>
      <P Name="ZOrder">293</P>
      <P Name="Dst">20#in:1</P>
    </Branch>
  </Line>
</System>
